confidence_score,ptm,iptm,ligand_iptm,protein_iptm,complex_plddt,complex_iplddt,complex_pde,complex_ipde,chains_ptm_0,chains_ptm_1,pair_chains_iptm_0_0,pair_chains_iptm_0_1,pair_chains_iptm_1_0,pair_chains_iptm_1_1,ligand_id,gene_id,yaml
0.781,0.868,0.699,0.699,0.000,0.802,0.644,0.924,3.803,0.884,0.752,0.884,0.186,0.699,0.752,0,CCR9,CCR9_0
0.730,0.819,0.580,0.580,0.000,0.767,0.548,1.353,5.605,0.846,0.802,0.846,0.219,0.580,0.802,1,CCR9,CCR9_1
0.752,0.839,0.667,0.667,0.000,0.773,0.580,1.101,4.313,0.858,0.820,0.858,0.294,0.667,0.820,10,CCR9,CCR9_10
0.734,0.822,0.587,0.587,0.000,0.770,0.564,1.253,5.246,0.848,0.841,0.848,0.234,0.587,0.841,100,CCR9,CCR9_100
0.727,0.822,0.574,0.574,0.000,0.766,0.551,1.306,5.367,0.850,0.845,0.850,0.215,0.574,0.845,101,CCR9,CCR9_101
0.764,0.846,0.658,0.658,0.000,0.790,0.617,1.041,3.963,0.863,0.824,0.863,0.200,0.658,0.824,102,CCR9,CCR9_102
0.742,0.838,0.618,0.618,0.000,0.774,0.560,1.103,4.231,0.862,0.837,0.862,0.213,0.618,0.837,104,CCR9,CCR9_104
0.781,0.856,0.758,0.758,0.000,0.786,0.636,0.947,3.270,0.866,0.879,0.866,0.295,0.758,0.879,106,CCR9,CCR9_106
0.748,0.845,0.606,0.606,0.000,0.784,0.583,1.135,4.704,0.867,0.815,0.867,0.177,0.606,0.815,107,CCR9,CCR9_107
0.801,0.861,0.833,0.833,0.000,0.793,0.678,0.818,2.152,0.865,0.887,0.865,0.374,0.833,0.887,108,CCR9,CCR9_108
0.794,0.853,0.818,0.818,0.000,0.787,0.645,0.837,2.523,0.860,0.897,0.860,0.411,0.818,0.897,11,CCR9,CCR9_11
0.761,0.845,0.663,0.663,0.000,0.785,0.603,1.027,3.863,0.861,0.844,0.861,0.211,0.663,0.844,110,CCR9,CCR9_110
0.753,0.832,0.690,0.690,0.000,0.768,0.566,1.120,4.234,0.848,0.860,0.848,0.320,0.690,0.860,111,CCR9,CCR9_111
0.685,0.799,0.440,0.440,0.000,0.747,0.467,1.555,7.315,0.840,0.810,0.840,0.147,0.440,0.810,114,CCR9,CCR9_114
0.803,0.863,0.850,0.850,0.000,0.791,0.692,0.777,2.120,0.865,0.914,0.865,0.425,0.850,0.914,118,CCR9,CCR9_118
0.718,0.819,0.539,0.539,0.000,0.763,0.526,1.376,5.942,0.851,0.826,0.851,0.197,0.539,0.826,12,CCR9,CCR9_12
0.672,0.792,0.386,0.386,0.000,0.744,0.424,1.791,8.583,0.840,0.782,0.840,0.124,0.386,0.782,120,CCR9,CCR9_120
0.800,0.853,0.860,0.860,0.000,0.785,0.657,0.831,2.300,0.853,0.911,0.853,0.419,0.860,0.911,123,CCR9,CCR9_123
0.806,0.867,0.839,0.839,0.000,0.797,0.709,0.804,2.404,0.870,0.908,0.870,0.419,0.839,0.908,126,CCR9,CCR9_126
0.727,0.824,0.569,0.569,0.000,0.767,0.534,1.394,6.118,0.853,0.816,0.853,0.212,0.569,0.816,13,CCR9,CCR9_13
0.731,0.851,0.527,0.527,0.000,0.783,0.552,1.132,6.001,0.876,0.791,0.876,0.132,0.527,0.791,131,CCR9,CCR9_131
0.702,0.812,0.477,0.477,0.000,0.759,0.495,1.479,6.957,0.849,0.805,0.849,0.176,0.477,0.805,132,CCR9,CCR9_132
0.762,0.838,0.696,0.696,0.000,0.779,0.626,1.004,3.626,0.854,0.866,0.854,0.271,0.696,0.866,135,CCR9,CCR9_135
0.781,0.851,0.760,0.760,0.000,0.787,0.677,0.944,3.070,0.862,0.878,0.862,0.380,0.760,0.878,139,CCR9,CCR9_139
0.698,0.811,0.467,0.467,0.000,0.756,0.507,1.489,6.748,0.849,0.808,0.849,0.165,0.467,0.808,14,CCR9,CCR9_14
0.736,0.842,0.525,0.525,0.000,0.789,0.554,1.186,5.853,0.868,0.797,0.868,0.128,0.525,0.797,140,CCR9,CCR9_140
0.789,0.859,0.790,0.790,0.000,0.789,0.654,0.854,2.716,0.867,0.869,0.867,0.317,0.790,0.869,142,CCR9,CCR9_142
0.732,0.846,0.509,0.509,0.000,0.787,0.542,1.259,6.930,0.875,0.777,0.875,0.141,0.509,0.777,148,CCR9,CCR9_148
0.736,0.834,0.584,0.584,0.000,0.773,0.567,1.195,4.771,0.862,0.820,0.862,0.204,0.584,0.820,15,CCR9,CCR9_15
0.737,0.838,0.598,0.598,0.000,0.772,0.556,1.130,4.816,0.863,0.835,0.863,0.196,0.598,0.835,152,CCR9,CCR9_152
0.742,0.838,0.609,0.609,0.000,0.775,0.564,1.215,4.550,0.865,0.803,0.865,0.222,0.609,0.803,155,CCR9,CCR9_155
0.719,0.817,0.558,0.558,0.000,0.760,0.508,1.276,5.256,0.848,0.810,0.848,0.184,0.558,0.810,16,CCR9,CCR9_16
0.781,0.824,0.785,0.785,0.000,0.780,0.640,0.955,2.971,0.831,0.886,0.831,0.369,0.785,0.886,163,CCR9,CCR9_163
0.715,0.808,0.513,0.513,0.000,0.766,0.506,1.514,6.952,0.843,0.822,0.843,0.218,0.513,0.822,166,CCR9,CCR9_166
0.772,0.848,0.728,0.728,0.000,0.783,0.607,0.990,3.435,0.862,0.854,0.862,0.279,0.728,0.854,167,CCR9,CCR9_167
0.828,0.884,0.870,0.870,0.000,0.818,0.756,0.732,2.222,0.886,0.840,0.886,0.364,0.870,0.840,17,CCR9,CCR9_17
0.759,0.858,0.644,0.644,0.000,0.788,0.594,1.012,4.254,0.877,0.831,0.877,0.183,0.644,0.831,19,CCR9,CCR9_19
0.755,0.841,0.683,0.683,0.000,0.773,0.582,1.092,4.088,0.858,0.849,0.858,0.292,0.683,0.849,2,CCR9,CCR9_2
0.743,0.834,0.614,0.614,0.000,0.775,0.568,1.134,4.677,0.854,0.827,0.854,0.181,0.614,0.827,20,CCR9,CCR9_20
0.747,0.832,0.606,0.606,0.000,0.783,0.584,1.117,4.578,0.854,0.836,0.854,0.186,0.606,0.836,21,CCR9,CCR9_21
0.795,0.840,0.835,0.835,0.000,0.785,0.671,0.845,2.326,0.842,0.909,0.842,0.436,0.835,0.909,22,CCR9,CCR9_22
0.750,0.832,0.643,0.643,0.000,0.777,0.602,1.119,4.510,0.852,0.858,0.852,0.267,0.643,0.858,23,CCR9,CCR9_23
0.730,0.823,0.590,0.590,0.000,0.765,0.562,1.178,4.786,0.847,0.840,0.847,0.179,0.590,0.840,24,CCR9,CCR9_24
0.760,0.844,0.677,0.677,0.000,0.780,0.603,1.061,3.952,0.862,0.837,0.862,0.244,0.677,0.837,25,CCR9,CCR9_25
0.792,0.852,0.804,0.804,0.000,0.788,0.675,0.887,2.645,0.857,0.884,0.857,0.353,0.804,0.884,26,CCR9,CCR9_26
0.751,0.841,0.649,0.649,0.000,0.777,0.583,1.095,4.047,0.861,0.848,0.861,0.225,0.649,0.848,28,CCR9,CCR9_28
0.728,0.832,0.577,0.577,0.000,0.766,0.530,1.262,5.376,0.860,0.831,0.860,0.225,0.577,0.831,3,CCR9,CCR9_3
0.721,0.818,0.552,0.552,0.000,0.763,0.530,1.292,5.446,0.846,0.821,0.846,0.177,0.552,0.821,30,CCR9,CCR9_30
0.759,0.848,0.640,0.640,0.000,0.788,0.611,1.092,4.277,0.870,0.851,0.870,0.231,0.640,0.851,32,CCR9,CCR9_32
0.730,0.836,0.547,0.547,0.000,0.776,0.554,1.222,5.589,0.863,0.795,0.863,0.152,0.547,0.795,33,CCR9,CCR9_33
0.713,0.817,0.537,0.537,0.000,0.758,0.512,1.391,6.032,0.849,0.816,0.849,0.192,0.537,0.816,36,CCR9,CCR9_36
0.773,0.828,0.761,0.761,0.000,0.776,0.619,0.945,2.899,0.837,0.863,0.837,0.372,0.761,0.863,39,CCR9,CCR9_39
0.793,0.873,0.732,0.732,0.000,0.808,0.687,0.869,3.591,0.883,0.813,0.883,0.221,0.732,0.813,41,CCR9,CCR9_41
0.741,0.853,0.539,0.539,0.000,0.791,0.561,1.083,5.926,0.875,0.814,0.875,0.130,0.539,0.814,44,CCR9,CCR9_44
0.750,0.845,0.594,0.594,0.000,0.789,0.576,1.192,4.934,0.873,0.822,0.873,0.216,0.594,0.822,45,CCR9,CCR9_45
0.765,0.860,0.629,0.629,0.000,0.799,0.597,1.010,3.865,0.884,0.816,0.884,0.177,0.629,0.816,46,CCR9,CCR9_46
0.781,0.845,0.763,0.763,0.000,0.786,0.661,0.946,3.015,0.853,0.864,0.853,0.300,0.763,0.864,49,CCR9,CCR9_49
0.755,0.845,0.653,0.653,0.000,0.780,0.587,1.065,3.889,0.866,0.841,0.866,0.235,0.653,0.841,5,CCR9,CCR9_5
0.745,0.853,0.560,0.560,0.000,0.791,0.562,1.147,4.934,0.884,0.788,0.884,0.135,0.560,0.788,50,CCR9,CCR9_50
0.781,0.861,0.744,0.744,0.000,0.790,0.628,0.890,3.136,0.873,0.861,0.873,0.269,0.744,0.861,51,CCR9,CCR9_51
0.802,0.861,0.835,0.835,0.000,0.794,0.712,0.834,2.277,0.864,0.872,0.864,0.398,0.835,0.872,53,CCR9,CCR9_53
0.722,0.820,0.543,0.543,0.000,0.766,0.524,1.231,5.306,0.847,0.815,0.847,0.162,0.543,0.815,55,CCR9,CCR9_55
0.733,0.828,0.575,0.575,0.000,0.772,0.550,1.254,5.416,0.854,0.809,0.854,0.184,0.575,0.809,56,CCR9,CCR9_56
0.747,0.830,0.637,0.637,0.000,0.774,0.584,1.195,4.738,0.851,0.838,0.851,0.253,0.637,0.838,58,CCR9,CCR9_58
0.804,0.872,0.787,0.787,0.000,0.808,0.692,0.830,3.091,0.879,0.805,0.879,0.253,0.787,0.805,59,CCR9,CCR9_59
0.771,0.872,0.633,0.633,0.000,0.806,0.635,0.948,4.149,0.891,0.804,0.891,0.206,0.633,0.804,6,CCR9,CCR9_6
0.770,0.836,0.749,0.749,0.000,0.775,0.612,0.992,3.271,0.846,0.864,0.846,0.325,0.749,0.864,61,CCR9,CCR9_61
0.733,0.826,0.591,0.591,0.000,0.768,0.539,1.303,5.651,0.852,0.828,0.852,0.220,0.591,0.828,63,CCR9,CCR9_63
0.786,0.836,0.785,0.785,0.000,0.786,0.646,0.942,2.952,0.844,0.884,0.844,0.355,0.785,0.884,65,CCR9,CCR9_65
0.734,0.825,0.600,0.600,0.000,0.768,0.550,1.261,5.099,0.851,0.819,0.851,0.248,0.600,0.819,68,CCR9,CCR9_68
0.747,0.832,0.651,0.651,0.000,0.771,0.588,1.164,4.542,0.853,0.843,0.853,0.240,0.651,0.843,7,CCR9,CCR9_7
0.729,0.842,0.499,0.499,0.000,0.787,0.549,1.224,6.737,0.868,0.816,0.868,0.126,0.499,0.816,73,CCR9,CCR9_73
0.766,0.843,0.722,0.722,0.000,0.777,0.604,1.062,3.631,0.857,0.866,0.857,0.290,0.722,0.866,75,CCR9,CCR9_75
0.789,0.850,0.801,0.801,0.000,0.787,0.679,0.872,2.632,0.856,0.884,0.856,0.394,0.801,0.884,76,CCR9,CCR9_76
0.719,0.818,0.550,0.550,0.000,0.761,0.535,1.331,5.630,0.848,0.805,0.848,0.202,0.550,0.805,8,CCR9,CCR9_8
0.748,0.846,0.634,0.634,0.000,0.777,0.571,1.151,4.981,0.869,0.798,0.869,0.224,0.634,0.798,80,CCR9,CCR9_80
0.736,0.829,0.599,0.599,0.000,0.770,0.546,1.316,5.746,0.854,0.835,0.854,0.241,0.599,0.835,81,CCR9,CCR9_81
0.739,0.825,0.617,0.617,0.000,0.770,0.557,1.250,5.149,0.848,0.840,0.848,0.252,0.617,0.840,83,CCR9,CCR9_83
0.767,0.864,0.622,0.622,0.000,0.803,0.589,0.974,3.780,0.889,0.829,0.889,0.189,0.622,0.829,84,CCR9,CCR9_84
0.767,0.844,0.678,0.678,0.000,0.789,0.618,0.974,3.672,0.859,0.827,0.859,0.219,0.678,0.827,89,CCR9,CCR9_89
0.725,0.820,0.592,0.592,0.000,0.758,0.523,1.325,5.480,0.848,0.816,0.848,0.242,0.592,0.816,9,CCR9,CCR9_9
0.717,0.819,0.536,0.536,0.000,0.762,0.529,1.307,5.303,0.849,0.799,0.849,0.170,0.536,0.799,90,CCR9,CCR9_90
0.763,0.840,0.706,0.706,0.000,0.778,0.610,1.062,3.850,0.855,0.867,0.855,0.298,0.706,0.867,91,CCR9,CCR9_91
0.730,0.843,0.545,0.545,0.000,0.776,0.532,1.235,5.194,0.874,0.780,0.874,0.145,0.545,0.780,92,CCR9,CCR9_92
0.757,0.833,0.682,0.682,0.000,0.776,0.587,1.099,4.150,0.849,0.866,0.849,0.278,0.682,0.866,98,CCR9,CCR9_98
0.761,0.843,0.704,0.704,0.000,0.775,0.614,1.033,3.628,0.859,0.855,0.859,0.270,0.704,0.855,99,CCR9,CCR9_99
0.863,0.913,0.793,0.793,0.000,0.880,0.714,0.693,1.892,0.931,0.756,0.931,0.273,0.793,0.756,0,ESR1,ESR1_0
0.928,0.951,0.934,0.934,0.000,0.926,0.898,0.422,0.773,0.954,0.914,0.954,0.648,0.934,0.914,100,ESR1,ESR1_100
0.937,0.954,0.974,0.974,0.000,0.928,0.912,0.391,0.525,0.952,0.795,0.952,0.511,0.974,0.795,102,ESR1,ESR1_102
0.926,0.949,0.948,0.948,0.000,0.920,0.874,0.448,0.768,0.950,0.774,0.950,0.503,0.948,0.774,105,ESR1,ESR1_105
0.936,0.955,0.975,0.975,0.000,0.926,0.910,0.387,0.520,0.952,0.812,0.952,0.563,0.975,0.812,11,ESR1,ESR1_11
0.920,0.945,0.925,0.925,0.000,0.919,0.861,0.464,0.922,0.949,0.761,0.949,0.442,0.925,0.761,132,ESR1,ESR1_132
0.911,0.943,0.937,0.937,0.000,0.904,0.830,0.510,0.849,0.945,0.806,0.945,0.562,0.937,0.806,14,ESR1,ESR1_14
0.937,0.954,0.975,0.975,0.000,0.927,0.916,0.393,0.502,0.951,0.783,0.951,0.588,0.975,0.783,142,ESR1,ESR1_142
0.932,0.958,0.965,0.965,0.000,0.924,0.883,0.395,0.601,0.958,0.794,0.958,0.436,0.965,0.794,145,ESR1,ESR1_145
0.935,0.955,0.974,0.974,0.000,0.926,0.909,0.384,0.518,0.952,0.802,0.952,0.507,0.974,0.802,150,ESR1,ESR1_150
0.928,0.946,0.956,0.956,0.000,0.922,0.889,0.424,0.657,0.946,0.850,0.946,0.397,0.956,0.850,162,ESR1,ESR1_162
0.911,0.948,0.888,0.888,0.000,0.917,0.830,0.480,1.080,0.956,0.778,0.956,0.439,0.888,0.778,166,ESR1,ESR1_166
0.929,0.945,0.965,0.965,0.000,0.920,0.903,0.419,0.594,0.944,0.882,0.944,0.490,0.965,0.882,18,ESR1,ESR1_18
0.942,0.961,0.980,0.980,0.000,0.933,0.924,0.354,0.434,0.959,0.813,0.959,0.635,0.980,0.813,181,ESR1,ESR1_181
0.930,0.950,0.965,0.965,0.000,0.921,0.890,0.414,0.609,0.948,0.777,0.948,0.510,0.965,0.777,182,ESR1,ESR1_182
0.916,0.950,0.908,0.908,0.000,0.918,0.837,0.437,0.924,0.955,0.858,0.955,0.430,0.908,0.858,2,ESR1,ESR1_2
0.872,0.926,0.819,0.819,0.000,0.885,0.745,0.623,1.603,0.948,0.617,0.948,0.405,0.819,0.617,200,ESR1,ESR1_200
0.927,0.952,0.948,0.948,0.000,0.922,0.886,0.418,0.704,0.953,0.776,0.953,0.460,0.948,0.776,205,ESR1,ESR1_205
0.942,0.957,0.976,0.976,0.000,0.933,0.928,0.377,0.486,0.955,0.804,0.955,0.598,0.976,0.804,209,ESR1,ESR1_209
0.932,0.955,0.946,0.946,0.000,0.928,0.890,0.396,0.657,0.956,0.888,0.956,0.447,0.946,0.888,214,ESR1,ESR1_214
0.910,0.942,0.883,0.883,0.000,0.917,0.833,0.492,1.180,0.950,0.855,0.950,0.381,0.883,0.855,217,ESR1,ESR1_217
0.904,0.939,0.868,0.868,0.000,0.913,0.819,0.520,1.301,0.948,0.850,0.948,0.363,0.868,0.850,228,ESR1,ESR1_228
0.937,0.954,0.976,0.976,0.000,0.927,0.910,0.386,0.514,0.951,0.806,0.951,0.492,0.976,0.806,229,ESR1,ESR1_229
0.831,0.881,0.784,0.784,0.000,0.843,0.685,0.981,2.326,0.911,0.649,0.911,0.623,0.784,0.649,231,ESR1,ESR1_231
0.903,0.947,0.910,0.910,0.000,0.901,0.812,0.444,0.860,0.956,0.696,0.956,0.623,0.910,0.696,238,ESR1,ESR1_238
0.895,0.938,0.841,0.841,0.000,0.909,0.774,0.528,1.455,0.948,0.852,0.948,0.346,0.841,0.852,252,ESR1,ESR1_252
0.918,0.946,0.931,0.931,0.000,0.915,0.857,0.460,0.874,0.948,0.781,0.948,0.469,0.931,0.781,261,ESR1,ESR1_261
0.928,0.951,0.945,0.945,0.000,0.923,0.884,0.429,0.735,0.953,0.788,0.953,0.494,0.945,0.788,269,ESR1,ESR1_269
0.876,0.933,0.798,0.798,0.000,0.895,0.742,0.595,1.735,0.949,0.824,0.949,0.269,0.798,0.824,279,ESR1,ESR1_279
0.931,0.952,0.967,0.967,0.000,0.922,0.893,0.416,0.629,0.950,0.866,0.950,0.692,0.967,0.866,28,ESR1,ESR1_28
0.913,0.949,0.909,0.909,0.000,0.915,0.826,0.485,0.975,0.955,0.778,0.955,0.383,0.909,0.778,281,ESR1,ESR1_281
0.915,0.943,0.909,0.909,0.000,0.917,0.859,0.472,0.985,0.948,0.831,0.948,0.417,0.909,0.831,30,ESR1,ESR1_30
0.938,0.952,0.980,0.980,0.000,0.927,0.913,0.403,0.543,0.949,0.897,0.949,0.711,0.980,0.897,32,ESR1,ESR1_32
0.939,0.956,0.969,0.969,0.000,0.931,0.918,0.385,0.546,0.955,0.927,0.955,0.595,0.969,0.927,337,ESR1,ESR1_337
0.918,0.946,0.934,0.934,0.000,0.914,0.865,0.453,0.810,0.949,0.819,0.949,0.667,0.934,0.819,34,ESR1,ESR1_34
0.928,0.946,0.944,0.944,0.000,0.925,0.877,0.421,0.699,0.947,0.894,0.947,0.451,0.944,0.894,345,ESR1,ESR1_345
0.917,0.947,0.925,0.925,0.000,0.916,0.857,0.491,0.880,0.952,0.828,0.952,0.600,0.925,0.828,37,ESR1,ESR1_37
0.929,0.953,0.960,0.960,0.000,0.922,0.893,0.412,0.637,0.953,0.763,0.953,0.596,0.960,0.763,4,ESR1,ESR1_4
0.924,0.952,0.921,0.921,0.000,0.925,0.872,0.419,0.826,0.956,0.886,0.956,0.537,0.921,0.886,404,ESR1,ESR1_404
0.934,0.956,0.963,0.963,0.000,0.927,0.894,0.397,0.600,0.955,0.913,0.955,0.641,0.963,0.913,426,ESR1,ESR1_426
0.933,0.950,0.975,0.975,0.000,0.923,0.906,0.403,0.538,0.947,0.904,0.947,0.705,0.975,0.904,435,ESR1,ESR1_435
0.937,0.949,0.985,0.985,0.000,0.925,0.927,0.388,0.442,0.946,0.916,0.946,0.629,0.985,0.916,441,ESR1,ESR1_441
0.935,0.954,0.969,0.969,0.000,0.927,0.898,0.396,0.574,0.953,0.800,0.953,0.502,0.969,0.800,459,ESR1,ESR1_459
0.944,0.958,0.985,0.985,0.000,0.934,0.926,0.361,0.431,0.955,0.875,0.955,0.519,0.985,0.875,460,ESR1,ESR1_460
0.936,0.958,0.972,0.972,0.000,0.927,0.906,0.382,0.518,0.956,0.779,0.956,0.525,0.972,0.779,476,ESR1,ESR1_476
0.906,0.945,0.887,0.887,0.000,0.911,0.823,0.485,1.062,0.957,0.842,0.957,0.682,0.887,0.842,49,ESR1,ESR1_49
0.946,0.962,0.982,0.982,0.000,0.937,0.939,0.352,0.406,0.959,0.788,0.959,0.600,0.982,0.788,50,ESR1,ESR1_50
0.942,0.962,0.980,0.980,0.000,0.932,0.923,0.354,0.439,0.960,0.800,0.960,0.638,0.980,0.800,512,ESR1,ESR1_512
0.937,0.955,0.973,0.973,0.000,0.928,0.906,0.389,0.523,0.953,0.785,0.953,0.494,0.973,0.785,535,ESR1,ESR1_535
0.921,0.950,0.934,0.934,0.000,0.918,0.867,0.443,0.818,0.954,0.750,0.954,0.579,0.934,0.750,539,ESR1,ESR1_539
0.929,0.951,0.942,0.942,0.000,0.925,0.882,0.407,0.674,0.952,0.874,0.952,0.434,0.942,0.874,548,ESR1,ESR1_548
0.944,0.961,0.978,0.978,0.000,0.935,0.927,0.360,0.447,0.959,0.789,0.959,0.606,0.978,0.789,58,ESR1,ESR1_58
0.855,0.922,0.739,0.739,0.000,0.884,0.676,0.675,2.065,0.945,0.750,0.945,0.281,0.739,0.750,596,ESR1,ESR1_596
0.927,0.949,0.950,0.950,0.000,0.921,0.875,0.438,0.783,0.949,0.872,0.949,0.596,0.950,0.872,61,ESR1,ESR1_61
0.934,0.952,0.971,0.971,0.000,0.925,0.901,0.396,0.549,0.950,0.792,0.950,0.502,0.971,0.792,613,ESR1,ESR1_613
0.925,0.951,0.924,0.924,0.000,0.925,0.877,0.423,0.833,0.954,0.893,0.954,0.616,0.924,0.893,616,ESR1,ESR1_616
0.938,0.957,0.974,0.974,0.000,0.929,0.910,0.385,0.508,0.955,0.816,0.955,0.529,0.974,0.816,627,ESR1,ESR1_627
0.936,0.958,0.965,0.965,0.000,0.929,0.906,0.389,0.565,0.958,0.878,0.958,0.707,0.965,0.878,629,ESR1,ESR1_629
0.933,0.955,0.967,0.967,0.000,0.925,0.895,0.399,0.582,0.954,0.839,0.954,0.579,0.967,0.839,641,ESR1,ESR1_641
0.941,0.957,0.979,0.979,0.000,0.932,0.916,0.374,0.489,0.954,0.771,0.954,0.563,0.979,0.771,646,ESR1,ESR1_646
0.938,0.956,0.978,0.978,0.000,0.928,0.917,0.385,0.492,0.953,0.886,0.953,0.723,0.978,0.886,649,ESR1,ESR1_649
0.912,0.946,0.910,0.910,0.000,0.913,0.841,0.523,0.987,0.952,0.742,0.952,0.431,0.910,0.742,65,ESR1,ESR1_65
0.939,0.957,0.972,0.972,0.000,0.931,0.911,0.382,0.509,0.955,0.775,0.955,0.585,0.972,0.775,651,ESR1,ESR1_651
0.939,0.958,0.980,0.980,0.000,0.929,0.916,0.373,0.465,0.955,0.814,0.955,0.590,0.980,0.814,669,ESR1,ESR1_669
0.888,0.940,0.821,0.821,0.000,0.905,0.765,0.542,1.482,0.953,0.859,0.953,0.321,0.821,0.859,67,ESR1,ESR1_67
0.829,0.910,0.678,0.678,0.000,0.866,0.625,0.846,2.564,0.944,0.710,0.944,0.231,0.678,0.710,675,ESR1,ESR1_675
0.941,0.959,0.976,0.976,0.000,0.932,0.918,0.365,0.475,0.957,0.938,0.957,0.754,0.976,0.938,677,ESR1,ESR1_677
0.935,0.951,0.958,0.958,0.000,0.930,0.921,0.397,0.587,0.951,0.898,0.951,0.501,0.958,0.898,682,ESR1,ESR1_682
0.931,0.951,0.951,0.951,0.000,0.926,0.904,0.396,0.618,0.952,0.906,0.952,0.524,0.951,0.906,693,ESR1,ESR1_693
0.942,0.958,0.978,0.978,0.000,0.933,0.914,0.376,0.518,0.956,0.772,0.956,0.530,0.978,0.772,703,ESR1,ESR1_703
0.938,0.958,0.963,0.963,0.000,0.931,0.917,0.378,0.541,0.958,0.848,0.958,0.457,0.963,0.848,708,ESR1,ESR1_708
0.932,0.949,0.955,0.955,0.000,0.926,0.900,0.410,0.609,0.948,0.875,0.948,0.443,0.955,0.875,718,ESR1,ESR1_718
0.933,0.954,0.970,0.970,0.000,0.924,0.898,0.404,0.583,0.952,0.774,0.952,0.523,0.970,0.774,719,ESR1,ESR1_719
0.913,0.942,0.928,0.928,0.000,0.909,0.854,0.484,0.877,0.946,0.881,0.946,0.601,0.928,0.881,740,ESR1,ESR1_740
0.939,0.955,0.979,0.979,0.000,0.929,0.920,0.380,0.483,0.952,0.897,0.952,0.789,0.979,0.897,757,ESR1,ESR1_757
0.896,0.937,0.834,0.834,0.000,0.911,0.785,0.558,1.593,0.947,0.836,0.947,0.357,0.834,0.836,765,ESR1,ESR1_765
0.935,0.956,0.968,0.968,0.000,0.927,0.901,0.400,0.573,0.955,0.732,0.955,0.515,0.968,0.732,776,ESR1,ESR1_776
0.944,0.961,0.980,0.980,0.000,0.935,0.923,0.358,0.444,0.959,0.910,0.959,0.704,0.980,0.910,78,ESR1,ESR1_78
0.930,0.954,0.962,0.962,0.000,0.922,0.882,0.405,0.616,0.954,0.768,0.954,0.415,0.962,0.768,799,ESR1,ESR1_799
0.894,0.940,0.821,0.821,0.000,0.913,0.777,0.546,1.642,0.953,0.858,0.953,0.336,0.821,0.858,804,ESR1,ESR1_804
0.934,0.959,0.975,0.975,0.000,0.923,0.904,0.378,0.499,0.957,0.815,0.957,0.663,0.975,0.815,811,ESR1,ESR1_811
0.905,0.943,0.855,0.855,0.000,0.918,0.807,0.489,1.358,0.951,0.882,0.951,0.425,0.855,0.882,813,ESR1,ESR1_813
0.867,0.921,0.806,0.806,0.000,0.882,0.710,0.668,1.832,0.941,0.797,0.941,0.362,0.806,0.797,814,ESR1,ESR1_814
0.925,0.950,0.948,0.948,0.000,0.920,0.873,0.425,0.730,0.951,0.786,0.951,0.426,0.948,0.786,815,ESR1,ESR1_815
0.944,0.959,0.984,0.984,0.000,0.934,0.922,0.360,0.453,0.956,0.952,0.956,0.785,0.984,0.952,857,ESR1,ESR1_857
0.938,0.955,0.976,0.976,0.000,0.928,0.917,0.393,0.502,0.953,0.927,0.953,0.729,0.976,0.927,859,ESR1,ESR1_859
0.938,0.957,0.975,0.975,0.000,0.928,0.913,0.384,0.504,0.955,0.873,0.955,0.703,0.975,0.873,863,ESR1,ESR1_863
0.932,0.957,0.965,0.965,0.000,0.923,0.892,0.406,0.619,0.956,0.803,0.956,0.459,0.965,0.803,865,ESR1,ESR1_865
0.942,0.958,0.979,0.979,0.000,0.933,0.923,0.370,0.464,0.956,0.822,0.956,0.617,0.979,0.822,872,ESR1,ESR1_872
0.933,0.957,0.971,0.971,0.000,0.924,0.896,0.389,0.544,0.955,0.795,0.955,0.489,0.971,0.795,874,ESR1,ESR1_874
0.941,0.959,0.976,0.976,0.000,0.932,0.918,0.373,0.484,0.957,0.798,0.957,0.626,0.976,0.798,883,ESR1,ESR1_883
0.924,0.944,0.920,0.920,0.000,0.924,0.875,0.448,0.870,0.947,0.896,0.947,0.420,0.920,0.896,901,ESR1,ESR1_901
0.939,0.961,0.969,0.969,0.000,0.931,0.918,0.381,0.564,0.960,0.859,0.960,0.681,0.969,0.859,902,ESR1,ESR1_902
0.941,0.960,0.976,0.976,0.000,0.932,0.918,0.361,0.451,0.958,0.790,0.958,0.630,0.976,0.790,913,ESR1,ESR1_913
0.938,0.957,0.975,0.975,0.000,0.928,0.913,0.383,0.506,0.955,0.891,0.955,0.735,0.975,0.891,937,ESR1,ESR1_937
0.935,0.958,0.966,0.966,0.000,0.928,0.899,0.382,0.552,0.958,0.776,0.958,0.511,0.966,0.776,953,ESR1,ESR1_953
0.941,0.961,0.971,0.971,0.000,0.933,0.917,0.375,0.509,0.960,0.780,0.960,0.567,0.971,0.780,959,ESR1,ESR1_959
0.936,0.958,0.974,0.974,0.000,0.926,0.913,0.383,0.514,0.956,0.792,0.956,0.674,0.974,0.792,987,ESR1,ESR1_987
0.925,0.950,0.935,0.935,0.000,0.923,0.872,0.436,0.804,0.953,0.779,0.953,0.405,0.935,0.779,988,ESR1,ESR1_988
0.912,0.936,0.907,0.907,0.000,0.913,0.838,0.486,0.967,0.939,0.859,0.939,0.335,0.907,0.859,990,ESR1,ESR1_990
0.774,0.928,0.274,0.274,0.000,0.899,0.469,0.981,11.329,0.959,0.810,0.959,0.105,0.274,0.810,0,FTO,FTO_0
0.782,0.919,0.329,0.329,0.000,0.895,0.430,0.932,9.676,0.948,0.765,0.948,0.108,0.329,0.765,1,FTO,FTO_1
0.772,0.917,0.281,0.281,0.000,0.895,0.464,0.994,10.764,0.949,0.830,0.949,0.107,0.281,0.830,10,FTO,FTO_10
0.924,0.958,0.938,0.938,0.000,0.920,0.790,0.363,0.798,0.960,0.844,0.960,0.463,0.938,0.844,11,FTO,FTO_11
0.885,0.947,0.766,0.766,0.000,0.915,0.690,0.513,3.219,0.956,0.927,0.956,0.303,0.766,0.927,12,FTO,FTO_12
0.939,0.950,0.975,0.975,0.000,0.930,0.907,0.362,0.529,0.949,0.851,0.949,0.504,0.975,0.851,13,FTO,FTO_13
0.933,0.959,0.969,0.969,0.000,0.924,0.827,0.327,0.620,0.959,0.856,0.959,0.483,0.969,0.856,14,FTO,FTO_14
0.936,0.951,0.964,0.964,0.000,0.928,0.893,0.373,0.793,0.951,0.853,0.951,0.508,0.964,0.853,15,FTO,FTO_15
0.925,0.946,0.937,0.937,0.000,0.922,0.841,0.385,0.939,0.947,0.886,0.947,0.532,0.937,0.886,16,FTO,FTO_16
0.802,0.904,0.496,0.496,0.000,0.878,0.478,1.087,6.958,0.939,0.749,0.939,0.144,0.496,0.749,17,FTO,FTO_17
0.942,0.954,0.983,0.983,0.000,0.931,0.918,0.334,0.451,0.953,0.856,0.953,0.516,0.983,0.856,19,FTO,FTO_19
0.938,0.948,0.976,0.976,0.000,0.928,0.910,0.355,0.523,0.947,0.848,0.947,0.516,0.976,0.848,2,FTO,FTO_2
0.828,0.937,0.512,0.512,0.000,0.907,0.493,0.743,7.116,0.955,0.915,0.955,0.146,0.512,0.915,20,FTO,FTO_20
0.782,0.920,0.336,0.336,0.000,0.893,0.465,0.880,9.566,0.949,0.869,0.949,0.118,0.336,0.869,22,FTO,FTO_22
0.894,0.928,0.808,0.808,0.000,0.916,0.757,0.492,2.001,0.932,0.788,0.932,0.171,0.808,0.788,24,FTO,FTO_24
0.780,0.918,0.313,0.313,0.000,0.897,0.447,0.972,10.513,0.948,0.809,0.948,0.110,0.313,0.809,25,FTO,FTO_25
0.778,0.917,0.301,0.301,0.000,0.897,0.469,0.924,10.460,0.943,0.817,0.943,0.105,0.301,0.817,26,FTO,FTO_26
0.937,0.948,0.974,0.974,0.000,0.928,0.904,0.370,0.578,0.947,0.914,0.947,0.499,0.974,0.914,27,FTO,FTO_27
0.859,0.944,0.644,0.644,0.000,0.913,0.651,0.577,5.203,0.955,0.931,0.955,0.183,0.644,0.931,28,FTO,FTO_28
0.772,0.919,0.277,0.277,0.000,0.896,0.427,0.979,11.055,0.950,0.820,0.950,0.105,0.277,0.820,29,FTO,FTO_29
0.852,0.932,0.646,0.646,0.000,0.904,0.532,0.737,6.521,0.948,0.817,0.948,0.201,0.646,0.817,3,FTO,FTO_3
0.936,0.952,0.972,0.972,0.000,0.926,0.908,0.365,0.550,0.951,0.902,0.951,0.667,0.972,0.902,30,FTO,FTO_30
0.776,0.920,0.303,0.303,0.000,0.894,0.397,0.928,9.728,0.951,0.793,0.951,0.106,0.303,0.793,31,FTO,FTO_31
0.938,0.945,0.975,0.975,0.000,0.929,0.917,0.384,0.536,0.943,0.911,0.943,0.681,0.975,0.911,33,FTO,FTO_33
0.923,0.942,0.924,0.924,0.000,0.922,0.838,0.415,1.021,0.943,0.887,0.943,0.567,0.924,0.887,34,FTO,FTO_34
0.782,0.923,0.322,0.322,0.000,0.897,0.476,0.943,10.358,0.953,0.811,0.953,0.116,0.322,0.811,35,FTO,FTO_35
0.942,0.950,0.983,0.983,0.000,0.931,0.933,0.345,0.435,0.949,0.857,0.949,0.512,0.983,0.857,36,FTO,FTO_36
0.780,0.929,0.303,0.303,0.000,0.900,0.496,0.876,10.388,0.957,0.813,0.957,0.106,0.303,0.813,4,FTO,FTO_4
0.940,0.953,0.980,0.980,0.000,0.930,0.917,0.345,0.468,0.951,0.855,0.951,0.566,0.980,0.855,5,FTO,FTO_5
0.771,0.921,0.275,0.275,0.000,0.895,0.453,0.956,10.779,0.953,0.815,0.953,0.108,0.275,0.815,7,FTO,FTO_7
0.774,0.927,0.280,0.280,0.000,0.897,0.440,0.908,10.386,0.958,0.820,0.958,0.105,0.280,0.820,8,FTO,FTO_8
0.771,0.924,0.264,0.264,0.000,0.898,0.472,1.020,12.103,0.956,0.804,0.956,0.105,0.264,0.804,9,FTO,FTO_9
0.954,0.962,0.940,0.940,0.000,0.957,0.909,0.357,0.710,0.964,0.827,0.964,0.498,0.940,0.827,0,GRIK1,GRIK1_0
0.938,0.945,0.895,0.895,0.000,0.949,0.852,0.412,1.068,0.950,0.836,0.950,0.426,0.895,0.836,1,GRIK1,GRIK1_1
0.969,0.971,0.974,0.974,0.000,0.968,0.960,0.295,0.478,0.971,0.899,0.971,0.591,0.974,0.899,10,GRIK1,GRIK1_10
0.969,0.971,0.971,0.971,0.000,0.968,0.958,0.294,0.501,0.971,0.899,0.971,0.519,0.971,0.899,101,GRIK1,GRIK1_101
0.939,0.891,0.934,0.934,0.000,0.940,0.829,0.404,1.268,0.889,0.932,0.889,0.685,0.934,0.932,104,GRIK1,GRIK1_104
0.950,0.961,0.924,0.924,0.000,0.956,0.894,0.369,0.788,0.965,0.765,0.965,0.510,0.924,0.765,105,GRIK1,GRIK1_105
0.929,0.935,0.909,0.909,0.000,0.934,0.824,0.418,1.011,0.940,0.865,0.940,0.793,0.909,0.865,109,GRIK1,GRIK1_109
0.812,0.892,0.476,0.476,0.000,0.896,0.561,0.806,4.737,0.937,0.784,0.937,0.131,0.476,0.784,11,GRIK1,GRIK1_11
0.911,0.869,0.860,0.860,0.000,0.924,0.767,0.527,1.679,0.872,0.806,0.872,0.390,0.860,0.806,110,GRIK1,GRIK1_110
0.927,0.861,0.920,0.920,0.000,0.929,0.802,0.497,1.485,0.856,0.891,0.856,0.725,0.920,0.891,113,GRIK1,GRIK1_113
0.967,0.971,0.968,0.968,0.000,0.966,0.944,0.306,0.508,0.972,0.846,0.972,0.514,0.968,0.846,114,GRIK1,GRIK1_114
0.964,0.972,0.956,0.956,0.000,0.966,0.936,0.316,0.575,0.973,0.931,0.973,0.658,0.956,0.931,116,GRIK1,GRIK1_116
0.956,0.963,0.950,0.950,0.000,0.958,0.913,0.343,0.628,0.964,0.782,0.964,0.508,0.950,0.782,119,GRIK1,GRIK1_119
0.938,0.935,0.929,0.929,0.000,0.940,0.835,0.379,0.856,0.937,0.861,0.937,0.488,0.929,0.861,12,GRIK1,GRIK1_12
0.974,0.974,0.989,0.989,0.000,0.970,0.977,0.277,0.339,0.973,0.960,0.973,0.872,0.989,0.960,120,GRIK1,GRIK1_120
0.964,0.970,0.963,0.963,0.000,0.965,0.938,0.314,0.550,0.971,0.847,0.971,0.516,0.963,0.847,121,GRIK1,GRIK1_121
0.965,0.970,0.965,0.965,0.000,0.965,0.941,0.311,0.533,0.970,0.847,0.970,0.515,0.965,0.847,123,GRIK1,GRIK1_123
0.968,0.972,0.972,0.972,0.000,0.967,0.951,0.300,0.488,0.973,0.849,0.973,0.515,0.972,0.849,13,GRIK1,GRIK1_13
0.968,0.972,0.973,0.973,0.000,0.967,0.951,0.300,0.486,0.973,0.848,0.973,0.519,0.973,0.848,14,GRIK1,GRIK1_14
0.968,0.969,0.971,0.971,0.000,0.967,0.953,0.305,0.481,0.969,0.889,0.969,0.604,0.971,0.889,16,GRIK1,GRIK1_16
0.947,0.960,0.920,0.920,0.000,0.954,0.888,0.386,0.873,0.963,0.775,0.963,0.495,0.920,0.775,17,GRIK1,GRIK1_17
0.968,0.972,0.972,0.972,0.000,0.968,0.951,0.300,0.485,0.972,0.844,0.972,0.517,0.972,0.844,18,GRIK1,GRIK1_18
0.925,0.904,0.898,0.898,0.000,0.932,0.807,0.475,1.315,0.906,0.811,0.906,0.410,0.898,0.811,2,GRIK1,GRIK1_2
0.910,0.880,0.874,0.874,0.000,0.919,0.774,0.526,1.499,0.882,0.775,0.882,0.397,0.874,0.775,20,GRIK1,GRIK1_20
0.916,0.885,0.872,0.872,0.000,0.928,0.774,0.521,1.737,0.889,0.820,0.889,0.457,0.872,0.820,21,GRIK1,GRIK1_21
0.948,0.939,0.958,0.958,0.000,0.946,0.887,0.359,0.710,0.938,0.848,0.938,0.537,0.958,0.848,22,GRIK1,GRIK1_22
0.903,0.933,0.813,0.813,0.000,0.925,0.720,0.473,1.737,0.947,0.878,0.947,0.476,0.813,0.878,24,GRIK1,GRIK1_24
0.944,0.956,0.916,0.916,0.000,0.951,0.886,0.388,0.876,0.960,0.768,0.960,0.501,0.916,0.768,25,GRIK1,GRIK1_25
0.966,0.970,0.967,0.967,0.000,0.966,0.946,0.309,0.528,0.971,0.852,0.971,0.505,0.967,0.852,26,GRIK1,GRIK1_26
0.968,0.972,0.972,0.972,0.000,0.967,0.952,0.299,0.493,0.972,0.861,0.972,0.515,0.972,0.861,27,GRIK1,GRIK1_27
0.950,0.961,0.927,0.927,0.000,0.956,0.893,0.373,0.809,0.964,0.785,0.964,0.497,0.927,0.785,28,GRIK1,GRIK1_28
0.926,0.894,0.910,0.910,0.000,0.931,0.819,0.450,1.092,0.894,0.803,0.894,0.402,0.910,0.803,29,GRIK1,GRIK1_29
0.918,0.883,0.900,0.900,0.000,0.923,0.795,0.488,1.307,0.883,0.797,0.883,0.417,0.900,0.797,3,GRIK1,GRIK1_3
0.922,0.906,0.895,0.895,0.000,0.929,0.810,0.466,1.194,0.908,0.801,0.908,0.403,0.895,0.801,30,GRIK1,GRIK1_30
0.945,0.930,0.946,0.946,0.000,0.944,0.862,0.387,0.843,0.929,0.916,0.929,0.785,0.946,0.916,32,GRIK1,GRIK1_32
0.923,0.929,0.899,0.899,0.000,0.929,0.804,0.423,1.050,0.936,0.853,0.936,0.783,0.899,0.853,33,GRIK1,GRIK1_33
0.945,0.960,0.919,0.919,0.000,0.952,0.882,0.382,0.834,0.964,0.789,0.964,0.499,0.919,0.789,34,GRIK1,GRIK1_34
0.934,0.951,0.884,0.884,0.000,0.946,0.857,0.434,1.086,0.957,0.762,0.957,0.492,0.884,0.762,35,GRIK1,GRIK1_35
0.948,0.962,0.925,0.925,0.000,0.954,0.891,0.371,0.786,0.965,0.785,0.965,0.500,0.925,0.785,36,GRIK1,GRIK1_36
0.916,0.908,0.858,0.858,0.000,0.930,0.775,0.482,1.586,0.915,0.810,0.915,0.442,0.858,0.810,38,GRIK1,GRIK1_38
0.949,0.961,0.925,0.925,0.000,0.955,0.892,0.376,0.812,0.964,0.785,0.964,0.498,0.925,0.785,39,GRIK1,GRIK1_39
0.944,0.899,0.957,0.957,0.000,0.941,0.841,0.416,1.064,0.894,0.924,0.894,0.754,0.957,0.924,4,GRIK1,GRIK1_4
0.946,0.962,0.920,0.920,0.000,0.953,0.885,0.382,0.849,0.965,0.771,0.965,0.502,0.920,0.771,40,GRIK1,GRIK1_40
0.817,0.888,0.496,0.496,0.000,0.897,0.569,0.825,4.762,0.931,0.776,0.931,0.142,0.496,0.776,41,GRIK1,GRIK1_41
0.956,0.939,0.962,0.962,0.000,0.954,0.908,0.337,0.591,0.938,0.898,0.938,0.640,0.962,0.898,42,GRIK1,GRIK1_42
0.944,0.959,0.910,0.910,0.000,0.953,0.880,0.393,0.913,0.964,0.759,0.964,0.502,0.910,0.759,43,GRIK1,GRIK1_43
0.940,0.955,0.900,0.900,0.000,0.950,0.869,0.400,0.945,0.960,0.762,0.960,0.496,0.900,0.762,44,GRIK1,GRIK1_44
0.968,0.971,0.972,0.972,0.000,0.967,0.952,0.300,0.490,0.971,0.858,0.971,0.515,0.972,0.858,45,GRIK1,GRIK1_45
0.968,0.971,0.973,0.973,0.000,0.967,0.954,0.298,0.485,0.971,0.860,0.971,0.516,0.973,0.860,47,GRIK1,GRIK1_47
0.935,0.947,0.909,0.909,0.000,0.941,0.855,0.411,0.920,0.951,0.910,0.951,0.657,0.909,0.910,48,GRIK1,GRIK1_48
0.969,0.972,0.974,0.974,0.000,0.967,0.954,0.297,0.449,0.972,0.945,0.972,0.815,0.974,0.945,5,GRIK1,GRIK1_5
0.964,0.970,0.970,0.970,0.000,0.963,0.940,0.317,0.508,0.970,0.785,0.970,0.508,0.970,0.785,50,GRIK1,GRIK1_50
0.920,0.924,0.880,0.880,0.000,0.930,0.785,0.433,1.215,0.931,0.773,0.931,0.462,0.880,0.773,51,GRIK1,GRIK1_51
0.932,0.952,0.896,0.896,0.000,0.941,0.844,0.418,0.965,0.957,0.722,0.957,0.489,0.896,0.722,54,GRIK1,GRIK1_54
0.968,0.972,0.974,0.974,0.000,0.967,0.952,0.299,0.477,0.972,0.849,0.972,0.520,0.974,0.849,55,GRIK1,GRIK1_55
0.963,0.969,0.960,0.960,0.000,0.964,0.930,0.322,0.575,0.970,0.837,0.970,0.510,0.960,0.837,56,GRIK1,GRIK1_56
0.933,0.926,0.925,0.925,0.000,0.934,0.819,0.419,0.978,0.927,0.877,0.927,0.755,0.925,0.877,57,GRIK1,GRIK1_57
0.970,0.972,0.976,0.976,0.000,0.969,0.960,0.292,0.467,0.972,0.929,0.972,0.672,0.976,0.929,58,GRIK1,GRIK1_58
0.922,0.919,0.879,0.879,0.000,0.933,0.784,0.460,1.488,0.924,0.826,0.924,0.481,0.879,0.826,59,GRIK1,GRIK1_59
0.967,0.971,0.969,0.969,0.000,0.967,0.945,0.305,0.502,0.972,0.836,0.972,0.513,0.969,0.836,6,GRIK1,GRIK1_6
0.939,0.844,0.950,0.950,0.000,0.936,0.845,0.511,1.577,0.836,0.926,0.836,0.683,0.950,0.926,60,GRIK1,GRIK1_60
0.898,0.839,0.845,0.845,0.000,0.911,0.731,0.617,2.064,0.841,0.806,0.841,0.695,0.845,0.806,61,GRIK1,GRIK1_61
0.969,0.971,0.974,0.974,0.000,0.968,0.955,0.298,0.454,0.971,0.939,0.971,0.792,0.974,0.939,62,GRIK1,GRIK1_62
0.948,0.914,0.953,0.953,0.000,0.946,0.868,0.356,0.837,0.912,0.942,0.912,0.715,0.953,0.942,63,GRIK1,GRIK1_63
0.922,0.916,0.903,0.903,0.000,0.927,0.799,0.451,1.223,0.920,0.865,0.920,0.783,0.903,0.865,65,GRIK1,GRIK1_65
0.969,0.971,0.974,0.974,0.000,0.968,0.960,0.294,0.480,0.971,0.900,0.971,0.595,0.974,0.900,66,GRIK1,GRIK1_66
0.937,0.916,0.925,0.925,0.000,0.940,0.833,0.438,1.323,0.917,0.888,0.917,0.739,0.925,0.888,67,GRIK1,GRIK1_67
0.964,0.969,0.960,0.960,0.000,0.965,0.932,0.317,0.555,0.970,0.830,0.970,0.512,0.960,0.830,68,GRIK1,GRIK1_68
0.943,0.956,0.908,0.908,0.000,0.952,0.878,0.401,0.941,0.961,0.773,0.961,0.493,0.908,0.773,69,GRIK1,GRIK1_69
0.866,0.899,0.684,0.684,0.000,0.912,0.642,0.687,3.551,0.922,0.814,0.922,0.300,0.684,0.814,7,GRIK1,GRIK1_7
0.965,0.967,0.966,0.966,0.000,0.965,0.943,0.313,0.527,0.967,0.868,0.967,0.506,0.966,0.868,70,GRIK1,GRIK1_70
0.974,0.973,0.989,0.989,0.000,0.971,0.978,0.279,0.340,0.972,0.963,0.972,0.883,0.989,0.963,72,GRIK1,GRIK1_72
0.922,0.892,0.890,0.890,0.000,0.930,0.784,0.479,1.380,0.894,0.809,0.894,0.413,0.890,0.809,73,GRIK1,GRIK1_73
0.934,0.931,0.926,0.926,0.000,0.936,0.840,0.398,0.878,0.932,0.804,0.932,0.420,0.926,0.804,74,GRIK1,GRIK1_74
0.953,0.961,0.936,0.936,0.000,0.957,0.901,0.360,0.718,0.963,0.777,0.963,0.507,0.936,0.777,75,GRIK1,GRIK1_75
0.952,0.950,0.958,0.958,0.000,0.951,0.882,0.329,0.642,0.950,0.918,0.950,0.805,0.958,0.918,76,GRIK1,GRIK1_76
0.819,0.888,0.508,0.508,0.000,0.896,0.578,0.739,4.281,0.930,0.785,0.930,0.150,0.508,0.785,77,GRIK1,GRIK1_77
0.918,0.923,0.865,0.865,0.000,0.932,0.770,0.457,1.493,0.930,0.839,0.930,0.393,0.865,0.839,79,GRIK1,GRIK1_79
0.819,0.884,0.511,0.511,0.000,0.897,0.559,0.825,4.745,0.926,0.783,0.926,0.151,0.511,0.783,8,GRIK1,GRIK1_8
0.954,0.961,0.946,0.946,0.000,0.955,0.900,0.356,0.661,0.963,0.759,0.963,0.508,0.946,0.759,80,GRIK1,GRIK1_80
0.880,0.903,0.769,0.769,0.000,0.908,0.636,0.561,2.943,0.927,0.863,0.927,0.250,0.769,0.863,81,GRIK1,GRIK1_81
0.951,0.960,0.927,0.927,0.000,0.957,0.894,0.373,0.781,0.962,0.784,0.962,0.501,0.927,0.784,82,GRIK1,GRIK1_82
0.964,0.970,0.961,0.961,0.000,0.965,0.933,0.317,0.571,0.971,0.847,0.971,0.498,0.961,0.847,83,GRIK1,GRIK1_83
0.923,0.902,0.898,0.898,0.000,0.929,0.788,0.460,1.260,0.904,0.813,0.904,0.404,0.898,0.813,84,GRIK1,GRIK1_84
0.969,0.972,0.974,0.974,0.000,0.968,0.958,0.295,0.478,0.972,0.893,0.972,0.521,0.974,0.893,85,GRIK1,GRIK1_85
0.859,0.909,0.659,0.659,0.000,0.909,0.643,0.690,3.349,0.938,0.801,0.938,0.243,0.659,0.801,86,GRIK1,GRIK1_86
0.950,0.959,0.925,0.925,0.000,0.956,0.890,0.379,0.819,0.962,0.789,0.962,0.495,0.925,0.789,87,GRIK1,GRIK1_87
0.970,0.971,0.981,0.981,0.000,0.967,0.966,0.302,0.404,0.970,0.953,0.970,0.799,0.981,0.953,9,GRIK1,GRIK1_9
0.965,0.968,0.967,0.967,0.000,0.964,0.943,0.316,0.522,0.968,0.825,0.968,0.506,0.967,0.825,90,GRIK1,GRIK1_90
0.966,0.970,0.967,0.967,0.000,0.966,0.949,0.309,0.514,0.971,0.855,0.971,0.508,0.967,0.855,91,GRIK1,GRIK1_91
0.938,0.956,0.903,0.903,0.000,0.946,0.861,0.408,0.954,0.961,0.795,0.961,0.498,0.903,0.795,92,GRIK1,GRIK1_92
0.833,0.897,0.568,0.568,0.000,0.899,0.592,0.732,3.913,0.934,0.775,0.934,0.174,0.568,0.775,93,GRIK1,GRIK1_93
0.911,0.885,0.855,0.855,0.000,0.925,0.761,0.530,1.610,0.890,0.820,0.890,0.367,0.855,0.820,94,GRIK1,GRIK1_94
0.966,0.970,0.968,0.968,0.000,0.965,0.943,0.308,0.512,0.970,0.850,0.970,0.517,0.968,0.850,95,GRIK1,GRIK1_95
0.943,0.958,0.912,0.912,0.000,0.951,0.877,0.388,0.855,0.962,0.822,0.962,0.499,0.912,0.822,96,GRIK1,GRIK1_96
0.968,0.971,0.972,0.972,0.000,0.968,0.953,0.299,0.490,0.971,0.859,0.971,0.515,0.972,0.859,97,GRIK1,GRIK1_97
0.955,0.962,0.951,0.951,0.000,0.956,0.908,0.353,0.650,0.963,0.810,0.963,0.499,0.951,0.810,99,GRIK1,GRIK1_99
0.913,0.764,0.971,0.971,0.000,0.899,0.921,0.589,1.058,0.754,0.918,0.754,0.455,0.971,0.918,0,HCRTR1,HCRTR1_0
0.896,0.809,0.911,0.911,0.000,0.892,0.839,0.652,1.576,0.804,0.894,0.804,0.442,0.911,0.894,101,HCRTR1,HCRTR1_101
0.878,0.794,0.855,0.855,0.000,0.884,0.776,0.727,2.441,0.792,0.833,0.792,0.270,0.855,0.833,104,HCRTR1,HCRTR1_104
0.865,0.746,0.814,0.814,0.000,0.878,0.706,0.812,2.751,0.744,0.874,0.744,0.210,0.814,0.874,131,HCRTR1,HCRTR1_131
0.905,0.774,0.950,0.950,0.000,0.894,0.904,0.641,1.286,0.765,0.929,0.765,0.431,0.950,0.929,14,HCRTR1,HCRTR1_14
0.896,0.732,0.922,0.922,0.000,0.890,0.861,0.680,1.619,0.722,0.884,0.722,0.413,0.922,0.884,143,HCRTR1,HCRTR1_143
0.907,0.781,0.960,0.960,0.000,0.894,0.897,0.649,1.224,0.770,0.924,0.770,0.576,0.960,0.924,147,HCRTR1,HCRTR1_147
0.911,0.746,0.973,0.973,0.000,0.895,0.910,0.604,1.101,0.733,0.929,0.733,0.481,0.973,0.929,153,HCRTR1,HCRTR1_153
0.911,0.745,0.969,0.969,0.000,0.896,0.915,0.626,1.104,0.731,0.923,0.731,0.494,0.969,0.923,176,HCRTR1,HCRTR1_176
0.912,0.781,0.972,0.972,0.000,0.897,0.916,0.594,1.007,0.771,0.916,0.771,0.468,0.972,0.916,18,HCRTR1,HCRTR1_18
0.844,0.738,0.756,0.756,0.000,0.866,0.672,0.955,3.330,0.738,0.761,0.738,0.194,0.756,0.761,183,HCRTR1,HCRTR1_183
0.894,0.752,0.914,0.914,0.000,0.888,0.827,0.715,1.725,0.743,0.894,0.743,0.394,0.914,0.894,185,HCRTR1,HCRTR1_185
0.885,0.751,0.893,0.893,0.000,0.883,0.784,0.707,1.862,0.745,0.871,0.745,0.301,0.893,0.871,190,HCRTR1,HCRTR1_190
0.902,0.804,0.942,0.942,0.000,0.892,0.866,0.641,1.416,0.796,0.879,0.796,0.378,0.942,0.879,196,HCRTR1,HCRTR1_196
0.913,0.758,0.977,0.977,0.000,0.897,0.932,0.637,1.038,0.746,0.928,0.746,0.519,0.977,0.928,2,HCRTR1,HCRTR1_2
0.836,0.748,0.733,0.733,0.000,0.862,0.636,0.966,3.418,0.750,0.747,0.750,0.179,0.733,0.747,201,HCRTR1,HCRTR1_201
0.913,0.778,0.977,0.977,0.000,0.898,0.932,0.594,0.965,0.767,0.921,0.767,0.496,0.977,0.921,204,HCRTR1,HCRTR1_204
0.878,0.792,0.855,0.855,0.000,0.884,0.773,0.748,2.267,0.790,0.856,0.790,0.320,0.855,0.856,21,HCRTR1,HCRTR1_21
0.893,0.791,0.903,0.903,0.000,0.891,0.836,0.647,1.811,0.786,0.881,0.786,0.281,0.903,0.881,219,HCRTR1,HCRTR1_219
0.912,0.823,0.968,0.968,0.000,0.898,0.898,0.536,1.002,0.816,0.940,0.816,0.517,0.968,0.940,224,HCRTR1,HCRTR1_224
0.882,0.767,0.873,0.873,0.000,0.884,0.815,0.730,2.096,0.762,0.890,0.762,0.414,0.873,0.890,228,HCRTR1,HCRTR1_228
0.907,0.737,0.954,0.954,0.000,0.895,0.914,0.607,1.120,0.725,0.916,0.725,0.458,0.954,0.916,229,HCRTR1,HCRTR1_229
0.878,0.767,0.852,0.852,0.000,0.884,0.778,0.699,2.182,0.763,0.878,0.763,0.304,0.852,0.878,240,HCRTR1,HCRTR1_240
0.915,0.807,0.985,0.985,0.000,0.898,0.942,0.595,0.956,0.797,0.940,0.797,0.568,0.985,0.940,245,HCRTR1,HCRTR1_245
0.889,0.748,0.892,0.892,0.000,0.889,0.830,0.709,1.872,0.741,0.881,0.741,0.399,0.892,0.881,249,HCRTR1,HCRTR1_249
0.880,0.731,0.861,0.861,0.000,0.885,0.788,0.729,2.197,0.725,0.891,0.725,0.353,0.861,0.891,253,HCRTR1,HCRTR1_253
0.864,0.745,0.802,0.802,0.000,0.879,0.733,0.815,2.956,0.742,0.850,0.742,0.200,0.802,0.850,262,HCRTR1,HCRTR1_262
0.906,0.805,0.944,0.944,0.000,0.897,0.901,0.625,1.313,0.797,0.919,0.797,0.477,0.944,0.919,275,HCRTR1,HCRTR1_275
0.874,0.781,0.842,0.842,0.000,0.882,0.758,0.734,2.305,0.779,0.861,0.779,0.303,0.842,0.861,277,HCRTR1,HCRTR1_277
0.893,0.774,0.908,0.908,0.000,0.889,0.860,0.680,1.751,0.767,0.918,0.767,0.404,0.908,0.918,28,HCRTR1,HCRTR1_28
0.886,0.748,0.884,0.884,0.000,0.886,0.804,0.719,1.981,0.741,0.879,0.741,0.367,0.884,0.879,283,HCRTR1,HCRTR1_283
0.907,0.796,0.949,0.949,0.000,0.896,0.911,0.608,1.174,0.788,0.925,0.788,0.478,0.949,0.925,284,HCRTR1,HCRTR1_284
0.837,0.715,0.739,0.739,0.000,0.861,0.611,0.975,3.268,0.715,0.770,0.715,0.169,0.739,0.770,286,HCRTR1,HCRTR1_286
0.901,0.785,0.934,0.934,0.000,0.893,0.875,0.654,1.531,0.778,0.911,0.778,0.392,0.934,0.911,319,HCRTR1,HCRTR1_319
0.915,0.741,0.983,0.983,0.000,0.898,0.926,0.634,1.018,0.729,0.936,0.729,0.518,0.983,0.936,32,HCRTR1,HCRTR1_32
0.911,0.758,0.976,0.976,0.000,0.895,0.920,0.617,0.996,0.747,0.938,0.747,0.530,0.976,0.938,34,HCRTR1,HCRTR1_34
0.869,0.757,0.822,0.822,0.000,0.881,0.714,0.793,2.757,0.754,0.846,0.754,0.228,0.822,0.846,347,HCRTR1,HCRTR1_347
0.866,0.742,0.815,0.815,0.000,0.878,0.739,0.810,2.657,0.740,0.868,0.740,0.233,0.815,0.868,361,HCRTR1,HCRTR1_361
0.888,0.758,0.891,0.891,0.000,0.887,0.813,0.693,1.732,0.750,0.876,0.750,0.402,0.891,0.876,37,HCRTR1,HCRTR1_37
0.904,0.734,0.951,0.951,0.000,0.892,0.888,0.638,1.297,0.723,0.937,0.723,0.462,0.951,0.937,377,HCRTR1,HCRTR1_377
0.910,0.793,0.951,0.951,0.000,0.900,0.906,0.550,1.095,0.785,0.914,0.785,0.476,0.951,0.914,4,HCRTR1,HCRTR1_4
0.904,0.813,0.946,0.946,0.000,0.894,0.876,0.610,1.214,0.806,0.918,0.806,0.450,0.946,0.918,435,HCRTR1,HCRTR1_435
0.857,0.733,0.768,0.768,0.000,0.879,0.726,0.831,3.353,0.732,0.842,0.732,0.179,0.768,0.842,436,HCRTR1,HCRTR1_436
0.865,0.791,0.820,0.820,0.000,0.876,0.743,0.818,2.773,0.790,0.857,0.790,0.326,0.820,0.857,437,HCRTR1,HCRTR1_437
0.889,0.741,0.893,0.893,0.000,0.888,0.853,0.719,1.951,0.733,0.858,0.733,0.302,0.893,0.858,440,HCRTR1,HCRTR1_440
0.888,0.764,0.895,0.895,0.000,0.886,0.812,0.702,1.883,0.757,0.854,0.757,0.323,0.895,0.854,447,HCRTR1,HCRTR1_447
0.908,0.798,0.951,0.951,0.000,0.897,0.901,0.635,1.354,0.791,0.925,0.791,0.453,0.951,0.925,469,HCRTR1,HCRTR1_469
0.886,0.770,0.883,0.883,0.000,0.887,0.821,0.733,2.098,0.764,0.856,0.764,0.354,0.883,0.856,470,HCRTR1,HCRTR1_470
0.895,0.795,0.901,0.901,0.000,0.893,0.850,0.702,1.905,0.790,0.897,0.790,0.490,0.901,0.897,476,HCRTR1,HCRTR1_476
0.856,0.789,0.781,0.781,0.000,0.875,0.669,0.842,2.960,0.791,0.840,0.791,0.248,0.781,0.840,48,HCRTR1,HCRTR1_48
0.884,0.774,0.888,0.888,0.000,0.884,0.819,0.718,1.900,0.769,0.885,0.769,0.381,0.888,0.885,483,HCRTR1,HCRTR1_483
0.910,0.785,0.963,0.963,0.000,0.897,0.917,0.626,1.150,0.775,0.893,0.775,0.417,0.963,0.893,484,HCRTR1,HCRTR1_484
0.851,0.785,0.772,0.772,0.000,0.871,0.697,0.861,3.245,0.787,0.827,0.787,0.223,0.772,0.827,49,HCRTR1,HCRTR1_49
0.875,0.760,0.851,0.851,0.000,0.881,0.767,0.738,2.219,0.756,0.886,0.756,0.340,0.851,0.886,514,HCRTR1,HCRTR1_514
0.897,0.727,0.922,0.922,0.000,0.890,0.857,0.738,1.826,0.718,0.867,0.718,0.320,0.922,0.867,521,HCRTR1,HCRTR1_521
0.887,0.721,0.882,0.882,0.000,0.888,0.824,0.711,1.962,0.712,0.884,0.712,0.392,0.882,0.884,537,HCRTR1,HCRTR1_537
0.859,0.798,0.777,0.777,0.000,0.880,0.721,0.845,3.418,0.800,0.817,0.800,0.249,0.777,0.817,556,HCRTR1,HCRTR1_556
0.912,0.781,0.972,0.972,0.000,0.897,0.911,0.624,1.114,0.771,0.921,0.771,0.490,0.972,0.921,56,HCRTR1,HCRTR1_56
0.909,0.805,0.959,0.959,0.000,0.897,0.895,0.639,1.382,0.797,0.895,0.797,0.435,0.959,0.895,562,HCRTR1,HCRTR1_562
0.870,0.710,0.841,0.841,0.000,0.877,0.740,0.810,2.562,0.704,0.833,0.704,0.217,0.841,0.833,570,HCRTR1,HCRTR1_570
0.910,0.764,0.972,0.972,0.000,0.895,0.909,0.645,1.243,0.754,0.930,0.754,0.449,0.972,0.930,578,HCRTR1,HCRTR1_578
0.890,0.766,0.902,0.902,0.000,0.888,0.832,0.695,1.740,0.759,0.893,0.759,0.359,0.902,0.893,59,HCRTR1,HCRTR1_59
0.884,0.778,0.876,0.876,0.000,0.886,0.800,0.752,2.153,0.774,0.893,0.774,0.343,0.876,0.893,610,HCRTR1,HCRTR1_610
0.907,0.781,0.951,0.951,0.000,0.896,0.903,0.628,1.223,0.772,0.921,0.772,0.461,0.951,0.921,616,HCRTR1,HCRTR1_616
0.874,0.769,0.849,0.849,0.000,0.880,0.761,0.808,2.535,0.765,0.852,0.765,0.257,0.849,0.852,625,HCRTR1,HCRTR1_625
0.857,0.738,0.769,0.769,0.000,0.879,0.716,0.842,3.402,0.737,0.828,0.737,0.176,0.769,0.828,65,HCRTR1,HCRTR1_65
0.894,0.747,0.908,0.908,0.000,0.891,0.859,0.726,1.821,0.740,0.899,0.740,0.392,0.908,0.899,653,HCRTR1,HCRTR1_653
0.904,0.786,0.946,0.946,0.000,0.893,0.902,0.681,1.390,0.778,0.907,0.778,0.460,0.946,0.907,659,HCRTR1,HCRTR1_659
0.888,0.788,0.896,0.896,0.000,0.886,0.821,0.718,1.845,0.783,0.896,0.783,0.385,0.896,0.896,669,HCRTR1,HCRTR1_669
0.904,0.748,0.939,0.939,0.000,0.896,0.898,0.639,1.326,0.739,0.909,0.739,0.481,0.939,0.909,67,HCRTR1,HCRTR1_67
0.908,0.775,0.966,0.966,0.000,0.894,0.890,0.598,1.116,0.764,0.929,0.764,0.452,0.966,0.929,677,HCRTR1,HCRTR1_677
0.893,0.741,0.909,0.909,0.000,0.889,0.819,0.673,1.637,0.733,0.895,0.733,0.374,0.909,0.895,683,HCRTR1,HCRTR1_683
0.906,0.818,0.955,0.955,0.000,0.893,0.894,0.671,1.431,0.811,0.917,0.811,0.453,0.955,0.917,698,HCRTR1,HCRTR1_698
0.881,0.754,0.857,0.857,0.000,0.887,0.805,0.720,2.233,0.750,0.894,0.750,0.375,0.857,0.894,701,HCRTR1,HCRTR1_701
0.881,0.739,0.867,0.867,0.000,0.885,0.806,0.738,2.131,0.733,0.901,0.733,0.362,0.867,0.901,703,HCRTR1,HCRTR1_703
0.917,0.811,0.980,0.980,0.000,0.901,0.933,0.563,0.916,0.802,0.931,0.802,0.511,0.980,0.931,704,HCRTR1,HCRTR1_704
0.915,0.763,0.983,0.983,0.000,0.898,0.936,0.615,0.982,0.752,0.937,0.752,0.513,0.983,0.937,733,HCRTR1,HCRTR1_733
0.833,0.763,0.677,0.677,0.000,0.872,0.654,0.931,4.551,0.770,0.818,0.770,0.154,0.677,0.818,746,HCRTR1,HCRTR1_746
0.848,0.765,0.758,0.758,0.000,0.871,0.665,0.846,2.946,0.766,0.788,0.766,0.168,0.758,0.788,755,HCRTR1,HCRTR1_755
0.903,0.762,0.939,0.939,0.000,0.894,0.882,0.647,1.399,0.753,0.915,0.753,0.523,0.939,0.915,76,HCRTR1,HCRTR1_76
0.845,0.783,0.723,0.723,0.000,0.876,0.671,0.880,4.003,0.787,0.845,0.787,0.162,0.723,0.845,766,HCRTR1,HCRTR1_766
0.887,0.731,0.890,0.890,0.000,0.886,0.829,0.721,1.996,0.724,0.883,0.724,0.330,0.890,0.883,781,HCRTR1,HCRTR1_781
0.869,0.765,0.823,0.823,0.000,0.881,0.723,0.771,2.570,0.763,0.858,0.763,0.257,0.823,0.858,839,HCRTR1,HCRTR1_839
0.877,0.736,0.857,0.857,0.000,0.882,0.791,0.738,2.194,0.730,0.878,0.730,0.345,0.857,0.878,852,HCRTR1,HCRTR1_852
0.911,0.747,0.969,0.969,0.000,0.897,0.911,0.613,1.076,0.735,0.913,0.735,0.453,0.969,0.913,855,HCRTR1,HCRTR1_855
0.902,0.771,0.949,0.949,0.000,0.891,0.871,0.639,1.297,0.762,0.929,0.762,0.462,0.949,0.929,857,HCRTR1,HCRTR1_857
0.904,0.819,0.954,0.954,0.000,0.892,0.892,0.631,1.144,0.811,0.923,0.811,0.493,0.954,0.923,868,HCRTR1,HCRTR1_868
0.867,0.782,0.815,0.815,0.000,0.880,0.749,0.794,2.819,0.781,0.821,0.781,0.232,0.815,0.821,873,HCRTR1,HCRTR1_873
0.875,0.742,0.851,0.851,0.000,0.881,0.764,0.780,2.437,0.736,0.873,0.736,0.314,0.851,0.873,890,HCRTR1,HCRTR1_890
0.897,0.747,0.921,0.921,0.000,0.890,0.858,0.673,1.574,0.738,0.904,0.738,0.402,0.921,0.904,895,HCRTR1,HCRTR1_895
0.857,0.770,0.770,0.770,0.000,0.879,0.713,0.819,3.160,0.772,0.870,0.772,0.190,0.770,0.870,896,HCRTR1,HCRTR1_896
0.853,0.728,0.761,0.761,0.000,0.876,0.667,0.863,3.379,0.727,0.811,0.727,0.157,0.761,0.811,901,HCRTR1,HCRTR1_901
0.901,0.805,0.940,0.940,0.000,0.892,0.871,0.666,1.441,0.798,0.919,0.798,0.514,0.940,0.919,934,HCRTR1,HCRTR1_934
0.898,0.781,0.933,0.933,0.000,0.889,0.865,0.650,1.411,0.773,0.915,0.773,0.418,0.933,0.915,944,HCRTR1,HCRTR1_944
0.916,0.795,0.984,0.984,0.000,0.899,0.933,0.583,0.905,0.785,0.935,0.785,0.534,0.984,0.935,946,HCRTR1,HCRTR1_946
0.916,0.793,0.982,0.982,0.000,0.899,0.929,0.584,0.949,0.783,0.943,0.783,0.559,0.982,0.943,973,HCRTR1,HCRTR1_973
0.909,0.754,0.964,0.964,0.000,0.895,0.899,0.627,1.143,0.743,0.920,0.743,0.435,0.964,0.920,975,HCRTR1,HCRTR1_975
0.871,0.763,0.835,0.835,0.000,0.880,0.742,0.763,2.407,0.761,0.824,0.761,0.196,0.835,0.824,992,HCRTR1,HCRTR1_992
0.892,0.753,0.905,0.905,0.000,0.888,0.827,0.701,1.773,0.746,0.883,0.746,0.396,0.905,0.883,993,HCRTR1,HCRTR1_993
0.914,0.800,0.978,0.978,0.000,0.899,0.921,0.554,0.921,0.790,0.936,0.790,0.547,0.978,0.936,997,HCRTR1,HCRTR1_997
0.927,0.927,0.944,0.944,0.000,0.923,0.758,0.350,0.857,0.931,0.885,0.931,0.410,0.944,0.885,0,IDH1,IDH1_0
0.815,0.886,0.542,0.542,0.000,0.883,0.396,0.794,5.945,0.921,0.839,0.921,0.187,0.542,0.839,105,IDH1,IDH1_105
0.818,0.890,0.512,0.512,0.000,0.894,0.442,0.825,6.607,0.918,0.837,0.918,0.214,0.512,0.837,107,IDH1,IDH1_107
0.791,0.877,0.441,0.441,0.000,0.878,0.361,0.870,6.661,0.917,0.819,0.917,0.124,0.441,0.819,109,IDH1,IDH1_109
0.818,0.891,0.532,0.532,0.000,0.889,0.443,0.751,5.631,0.919,0.849,0.919,0.138,0.532,0.849,11,IDH1,IDH1_11
0.844,0.904,0.632,0.632,0.000,0.896,0.474,0.576,4.191,0.928,0.858,0.928,0.163,0.632,0.858,114,IDH1,IDH1_114
0.799,0.882,0.468,0.468,0.000,0.881,0.415,0.808,6.836,0.920,0.774,0.920,0.118,0.468,0.774,132,IDH1,IDH1_132
0.791,0.876,0.452,0.452,0.000,0.876,0.364,0.840,6.790,0.915,0.784,0.915,0.116,0.452,0.784,14,IDH1,IDH1_14
0.791,0.877,0.437,0.437,0.000,0.879,0.410,0.901,7.173,0.919,0.802,0.919,0.112,0.437,0.802,171,IDH1,IDH1_171
0.793,0.892,0.400,0.400,0.000,0.892,0.348,0.918,8.288,0.927,0.812,0.927,0.127,0.400,0.812,172,IDH1,IDH1_172
0.851,0.905,0.704,0.704,0.000,0.888,0.484,0.553,3.079,0.928,0.817,0.928,0.175,0.704,0.817,175,IDH1,IDH1_175
0.814,0.887,0.524,0.524,0.000,0.886,0.430,0.716,5.900,0.919,0.792,0.919,0.139,0.524,0.792,18,IDH1,IDH1_18
0.825,0.899,0.591,0.591,0.000,0.884,0.447,0.698,4.804,0.931,0.850,0.931,0.180,0.591,0.850,180,IDH1,IDH1_180
0.816,0.897,0.469,0.469,0.000,0.903,0.418,0.765,8.272,0.924,0.872,0.924,0.224,0.469,0.872,181,IDH1,IDH1_181
0.886,0.917,0.778,0.778,0.000,0.913,0.591,0.477,3.135,0.928,0.901,0.928,0.314,0.778,0.901,186,IDH1,IDH1_186
0.776,0.873,0.388,0.388,0.000,0.873,0.338,0.946,7.505,0.918,0.832,0.918,0.124,0.388,0.832,192,IDH1,IDH1_192
0.820,0.895,0.561,0.561,0.000,0.884,0.462,0.759,6.149,0.927,0.835,0.927,0.163,0.561,0.835,198,IDH1,IDH1_198
0.918,0.919,0.915,0.915,0.000,0.919,0.706,0.373,0.984,0.925,0.833,0.925,0.423,0.915,0.833,202,IDH1,IDH1_202
0.922,0.932,0.931,0.931,0.000,0.920,0.701,0.355,0.932,0.937,0.861,0.937,0.439,0.931,0.861,204,IDH1,IDH1_204
0.889,0.917,0.814,0.814,0.000,0.908,0.615,0.422,1.525,0.929,0.877,0.929,0.287,0.814,0.877,21,IDH1,IDH1_21
0.909,0.927,0.897,0.897,0.000,0.912,0.668,0.373,0.951,0.936,0.848,0.936,0.459,0.897,0.848,218,IDH1,IDH1_218
0.837,0.904,0.623,0.623,0.000,0.890,0.456,0.617,4.287,0.930,0.861,0.930,0.181,0.623,0.861,219,IDH1,IDH1_219
0.916,0.927,0.911,0.911,0.000,0.917,0.698,0.373,1.122,0.933,0.847,0.933,0.386,0.911,0.847,224,IDH1,IDH1_224
0.786,0.877,0.429,0.429,0.000,0.875,0.383,0.835,6.646,0.922,0.758,0.922,0.115,0.429,0.758,245,IDH1,IDH1_245
0.876,0.913,0.757,0.757,0.000,0.905,0.555,0.501,2.743,0.929,0.867,0.929,0.233,0.757,0.867,248,IDH1,IDH1_248
0.832,0.897,0.594,0.594,0.000,0.892,0.436,0.699,5.519,0.924,0.811,0.924,0.153,0.594,0.811,252,IDH1,IDH1_252
0.933,0.937,0.949,0.949,0.000,0.930,0.761,0.329,0.678,0.940,0.897,0.940,0.467,0.949,0.897,253,IDH1,IDH1_253
0.781,0.875,0.351,0.351,0.000,0.889,0.456,1.168,10.822,0.916,0.836,0.916,0.157,0.351,0.836,261,IDH1,IDH1_261
0.817,0.901,0.462,0.462,0.000,0.906,0.542,0.890,7.928,0.929,0.820,0.929,0.225,0.462,0.820,263,IDH1,IDH1_263
0.796,0.881,0.405,0.405,0.000,0.894,0.535,1.391,10.906,0.920,0.805,0.920,0.176,0.405,0.805,264,IDH1,IDH1_264
0.903,0.909,0.860,0.860,0.000,0.914,0.673,0.430,1.756,0.920,0.834,0.920,0.339,0.860,0.834,268,IDH1,IDH1_268
0.920,0.923,0.926,0.926,0.000,0.918,0.701,0.369,1.053,0.930,0.820,0.930,0.358,0.926,0.820,272,IDH1,IDH1_272
0.811,0.890,0.490,0.490,0.000,0.891,0.420,0.738,5.871,0.921,0.829,0.921,0.114,0.490,0.829,275,IDH1,IDH1_275
0.907,0.922,0.884,0.884,0.000,0.912,0.668,0.382,1.163,0.932,0.855,0.932,0.375,0.884,0.855,28,IDH1,IDH1_28
0.931,0.932,0.957,0.957,0.000,0.925,0.770,0.332,0.657,0.935,0.896,0.935,0.462,0.957,0.896,302,IDH1,IDH1_302
0.828,0.895,0.549,0.549,0.000,0.897,0.444,0.913,7.559,0.923,0.817,0.923,0.184,0.549,0.817,303,IDH1,IDH1_303
0.884,0.920,0.800,0.800,0.000,0.905,0.580,0.496,2.953,0.933,0.809,0.933,0.252,0.800,0.809,309,IDH1,IDH1_309
0.924,0.922,0.939,0.939,0.000,0.920,0.729,0.349,0.750,0.928,0.894,0.928,0.489,0.939,0.894,311,IDH1,IDH1_311
0.833,0.895,0.640,0.640,0.000,0.881,0.481,0.613,3.259,0.921,0.823,0.921,0.148,0.640,0.823,321,IDH1,IDH1_321
0.909,0.923,0.896,0.896,0.000,0.912,0.668,0.381,0.978,0.932,0.846,0.932,0.456,0.896,0.846,330,IDH1,IDH1_330
0.928,0.924,0.941,0.941,0.000,0.924,0.755,0.347,0.811,0.928,0.886,0.928,0.429,0.941,0.886,332,IDH1,IDH1_332
0.820,0.889,0.556,0.556,0.000,0.886,0.411,0.703,5.153,0.919,0.839,0.919,0.135,0.556,0.839,338,IDH1,IDH1_338
0.832,0.899,0.537,0.537,0.000,0.906,0.643,1.014,7.801,0.928,0.863,0.928,0.233,0.537,0.863,35,IDH1,IDH1_35
0.824,0.884,0.540,0.540,0.000,0.896,0.582,1.050,7.812,0.914,0.855,0.914,0.198,0.540,0.855,351,IDH1,IDH1_351
0.907,0.925,0.871,0.871,0.000,0.916,0.686,0.400,1.638,0.934,0.850,0.934,0.378,0.871,0.850,409,IDH1,IDH1_409
0.818,0.900,0.474,0.474,0.000,0.904,0.433,0.781,8.099,0.924,0.845,0.924,0.253,0.474,0.845,420,IDH1,IDH1_420
0.801,0.887,0.470,0.470,0.000,0.884,0.353,0.811,6.927,0.921,0.858,0.921,0.166,0.470,0.858,421,IDH1,IDH1_421
0.907,0.916,0.887,0.887,0.000,0.912,0.653,0.387,1.225,0.925,0.860,0.925,0.453,0.887,0.860,435,IDH1,IDH1_435
0.919,0.927,0.917,0.917,0.000,0.919,0.697,0.352,0.854,0.933,0.860,0.933,0.417,0.917,0.860,437,IDH1,IDH1_437
0.800,0.890,0.422,0.422,0.000,0.895,0.407,0.870,8.246,0.922,0.831,0.922,0.194,0.422,0.831,439,IDH1,IDH1_439
0.808,0.891,0.508,0.508,0.000,0.883,0.435,0.760,6.200,0.927,0.790,0.927,0.136,0.508,0.790,443,IDH1,IDH1_443
0.810,0.891,0.473,0.473,0.000,0.894,0.406,0.799,6.971,0.921,0.842,0.921,0.202,0.473,0.842,449,IDH1,IDH1_449
0.825,0.892,0.494,0.494,0.000,0.907,0.621,1.165,9.792,0.924,0.823,0.924,0.194,0.494,0.823,474,IDH1,IDH1_474
0.875,0.912,0.785,0.785,0.000,0.897,0.528,0.514,2.664,0.928,0.868,0.928,0.204,0.785,0.868,480,IDH1,IDH1_480
0.802,0.889,0.457,0.457,0.000,0.888,0.460,0.868,5.911,0.923,0.787,0.923,0.122,0.457,0.787,50,IDH1,IDH1_50
0.795,0.876,0.474,0.474,0.000,0.875,0.448,0.848,5.735,0.916,0.770,0.916,0.120,0.474,0.770,503,IDH1,IDH1_503
0.817,0.889,0.529,0.529,0.000,0.889,0.468,0.685,4.568,0.917,0.833,0.917,0.128,0.529,0.833,528,IDH1,IDH1_528
0.830,0.893,0.607,0.607,0.000,0.886,0.464,0.656,4.609,0.921,0.835,0.921,0.165,0.607,0.835,539,IDH1,IDH1_539
0.795,0.878,0.461,0.461,0.000,0.878,0.410,0.867,7.210,0.918,0.788,0.918,0.123,0.461,0.788,541,IDH1,IDH1_541
0.918,0.927,0.932,0.932,0.000,0.914,0.681,0.367,0.942,0.933,0.854,0.933,0.378,0.932,0.854,544,IDH1,IDH1_544
0.807,0.897,0.440,0.440,0.000,0.899,0.431,0.855,8.029,0.925,0.833,0.925,0.125,0.440,0.833,553,IDH1,IDH1_553
0.794,0.878,0.456,0.456,0.000,0.878,0.435,0.930,7.631,0.921,0.825,0.921,0.139,0.456,0.825,554,IDH1,IDH1_554
0.919,0.932,0.919,0.919,0.000,0.919,0.696,0.349,0.959,0.938,0.882,0.938,0.442,0.919,0.882,572,IDH1,IDH1_572
0.865,0.901,0.734,0.734,0.000,0.898,0.561,0.566,3.322,0.921,0.809,0.921,0.249,0.734,0.809,591,IDH1,IDH1_591
0.910,0.928,0.883,0.883,0.000,0.916,0.765,0.520,2.148,0.934,0.906,0.934,0.572,0.883,0.906,609,IDH1,IDH1_609
0.795,0.877,0.439,0.439,0.000,0.884,0.380,0.835,7.739,0.913,0.823,0.913,0.130,0.439,0.823,613,IDH1,IDH1_613
0.935,0.932,0.953,0.953,0.000,0.930,0.771,0.325,0.656,0.936,0.909,0.936,0.492,0.953,0.909,624,IDH1,IDH1_624
0.811,0.882,0.450,0.450,0.000,0.901,0.564,0.993,9.142,0.914,0.843,0.914,0.193,0.450,0.843,629,IDH1,IDH1_629
0.872,0.907,0.754,0.754,0.000,0.902,0.565,0.546,3.709,0.924,0.810,0.924,0.248,0.754,0.810,649,IDH1,IDH1_649
0.923,0.925,0.937,0.937,0.000,0.920,0.745,0.359,0.893,0.931,0.846,0.931,0.409,0.937,0.846,658,IDH1,IDH1_658
0.789,0.877,0.433,0.433,0.000,0.878,0.325,0.842,6.902,0.916,0.840,0.916,0.130,0.433,0.840,67,IDH1,IDH1_67
0.782,0.878,0.399,0.399,0.000,0.878,0.369,0.920,7.718,0.922,0.841,0.922,0.120,0.399,0.841,686,IDH1,IDH1_686
0.822,0.897,0.518,0.518,0.000,0.898,0.446,0.736,6.424,0.924,0.819,0.924,0.197,0.518,0.819,689,IDH1,IDH1_689
0.860,0.891,0.720,0.720,0.000,0.895,0.529,0.566,3.678,0.913,0.866,0.913,0.286,0.720,0.866,69,IDH1,IDH1_69
0.854,0.900,0.690,0.690,0.000,0.895,0.572,0.584,2.961,0.920,0.808,0.920,0.198,0.690,0.808,691,IDH1,IDH1_691
0.887,0.907,0.814,0.814,0.000,0.905,0.625,0.469,1.857,0.916,0.846,0.916,0.210,0.814,0.846,706,IDH1,IDH1_706
0.836,0.891,0.630,0.630,0.000,0.887,0.459,0.606,4.020,0.917,0.847,0.917,0.122,0.630,0.847,712,IDH1,IDH1_712
0.926,0.920,0.934,0.934,0.000,0.924,0.731,0.347,0.751,0.926,0.895,0.926,0.505,0.934,0.895,716,IDH1,IDH1_716
0.840,0.900,0.617,0.617,0.000,0.896,0.488,0.764,5.301,0.927,0.765,0.927,0.171,0.617,0.765,719,IDH1,IDH1_719
0.920,0.922,0.921,0.921,0.000,0.920,0.718,0.365,1.000,0.927,0.811,0.927,0.384,0.921,0.811,730,IDH1,IDH1_730
0.929,0.922,0.944,0.944,0.000,0.925,0.752,0.341,0.791,0.926,0.893,0.926,0.409,0.944,0.893,733,IDH1,IDH1_733
0.908,0.931,0.892,0.892,0.000,0.912,0.661,0.369,0.961,0.940,0.838,0.940,0.453,0.892,0.838,756,IDH1,IDH1_756
0.809,0.896,0.461,0.461,0.000,0.896,0.410,0.803,7.208,0.925,0.829,0.925,0.182,0.461,0.829,763,IDH1,IDH1_763
0.830,0.898,0.609,0.609,0.000,0.886,0.447,0.712,5.663,0.928,0.850,0.928,0.231,0.609,0.850,777,IDH1,IDH1_777
0.816,0.896,0.501,0.501,0.000,0.894,0.453,0.753,6.159,0.924,0.862,0.924,0.137,0.501,0.862,806,IDH1,IDH1_806
0.866,0.898,0.770,0.770,0.000,0.890,0.541,0.544,2.441,0.915,0.855,0.915,0.270,0.770,0.855,810,IDH1,IDH1_810
0.785,0.864,0.416,0.416,0.000,0.877,0.316,0.879,7.368,0.904,0.835,0.904,0.133,0.416,0.835,822,IDH1,IDH1_822
0.895,0.923,0.795,0.795,0.000,0.920,0.762,0.674,3.713,0.936,0.878,0.936,0.306,0.795,0.878,828,IDH1,IDH1_828
0.886,0.913,0.808,0.808,0.000,0.906,0.593,0.523,2.791,0.927,0.822,0.927,0.377,0.808,0.822,836,IDH1,IDH1_836
0.928,0.920,0.945,0.945,0.000,0.924,0.758,0.344,0.790,0.925,0.887,0.925,0.418,0.945,0.887,837,IDH1,IDH1_837
0.927,0.928,0.930,0.930,0.000,0.927,0.747,0.354,0.768,0.934,0.886,0.934,0.474,0.930,0.886,851,IDH1,IDH1_851
0.819,0.890,0.571,0.571,0.000,0.881,0.435,0.684,4.708,0.922,0.826,0.922,0.124,0.571,0.826,873,IDH1,IDH1_873
0.820,0.892,0.560,0.560,0.000,0.885,0.447,0.689,4.815,0.921,0.807,0.921,0.130,0.560,0.807,894,IDH1,IDH1_894
0.883,0.920,0.798,0.798,0.000,0.904,0.560,0.434,2.202,0.933,0.829,0.933,0.302,0.798,0.829,909,IDH1,IDH1_909
0.770,0.876,0.353,0.353,0.000,0.874,0.284,0.958,8.125,0.922,0.828,0.922,0.113,0.353,0.828,936,IDH1,IDH1_936
0.917,0.921,0.918,0.918,0.000,0.917,0.700,0.368,1.042,0.927,0.850,0.927,0.372,0.918,0.850,944,IDH1,IDH1_944
0.823,0.899,0.577,0.577,0.000,0.884,0.427,0.731,5.354,0.929,0.858,0.929,0.150,0.577,0.858,947,IDH1,IDH1_947
0.861,0.912,0.724,0.724,0.000,0.896,0.509,0.512,3.026,0.930,0.883,0.930,0.215,0.724,0.883,958,IDH1,IDH1_958
0.857,0.899,0.705,0.705,0.000,0.895,0.520,0.569,3.559,0.917,0.888,0.917,0.254,0.705,0.888,959,IDH1,IDH1_959
0.766,0.866,0.323,0.323,0.000,0.877,0.426,1.011,8.157,0.913,0.842,0.913,0.117,0.323,0.842,999,IDH1,IDH1_999
0.951,0.975,0.962,0.962,0.000,0.948,0.901,0.336,0.498,0.977,0.927,0.977,0.839,0.962,0.927,0,JAK1,JAK1_0
0.955,0.976,0.974,0.974,0.000,0.951,0.921,0.321,0.440,0.977,0.934,0.977,0.843,0.974,0.934,123,JAK1,JAK1_123
0.950,0.974,0.968,0.968,0.000,0.946,0.900,0.322,0.559,0.975,0.909,0.975,0.690,0.968,0.909,152,JAK1,JAK1_152
0.941,0.971,0.942,0.942,0.000,0.940,0.878,0.399,0.578,0.978,0.772,0.978,0.555,0.942,0.772,156,JAK1,JAK1_156
0.938,0.970,0.926,0.926,0.000,0.940,0.877,0.335,0.538,0.976,0.795,0.976,0.559,0.926,0.795,158,JAK1,JAK1_158
0.954,0.977,0.970,0.970,0.000,0.950,0.910,0.316,0.460,0.978,0.861,0.978,0.557,0.970,0.861,165,JAK1,JAK1_165
0.958,0.977,0.983,0.983,0.000,0.951,0.934,0.301,0.363,0.977,0.950,0.977,0.852,0.983,0.950,179,JAK1,JAK1_179
0.955,0.978,0.975,0.975,0.000,0.951,0.923,0.320,0.404,0.979,0.887,0.979,0.655,0.975,0.887,18,JAK1,JAK1_18
0.955,0.975,0.979,0.979,0.000,0.949,0.934,0.308,0.389,0.975,0.953,0.975,0.660,0.979,0.953,181,JAK1,JAK1_181
0.959,0.978,0.982,0.982,0.000,0.954,0.938,0.302,0.362,0.978,0.885,0.978,0.606,0.982,0.885,185,JAK1,JAK1_185
0.949,0.972,0.964,0.964,0.000,0.945,0.901,0.333,0.466,0.974,0.897,0.974,0.654,0.964,0.897,192,JAK1,JAK1_192
0.960,0.979,0.985,0.985,0.000,0.954,0.938,0.293,0.359,0.979,0.953,0.979,0.813,0.985,0.953,197,JAK1,JAK1_197
0.952,0.972,0.973,0.973,0.000,0.947,0.932,0.319,0.391,0.973,0.877,0.973,0.678,0.973,0.877,2,JAK1,JAK1_2
0.916,0.957,0.864,0.864,0.000,0.929,0.792,0.490,1.257,0.970,0.796,0.970,0.454,0.864,0.796,21,JAK1,JAK1_21
0.933,0.970,0.914,0.914,0.000,0.938,0.854,0.374,0.781,0.977,0.903,0.977,0.842,0.914,0.903,213,JAK1,JAK1_213
0.926,0.960,0.912,0.912,0.000,0.930,0.840,0.373,0.557,0.969,0.861,0.969,0.778,0.912,0.861,224,JAK1,JAK1_224
0.949,0.968,0.967,0.967,0.000,0.944,0.923,0.337,0.550,0.970,0.944,0.970,0.637,0.967,0.944,256,JAK1,JAK1_256
0.952,0.974,0.971,0.971,0.000,0.948,0.921,0.326,0.446,0.975,0.827,0.975,0.716,0.971,0.827,267,JAK1,JAK1_267
0.948,0.973,0.958,0.958,0.000,0.946,0.915,0.331,0.445,0.975,0.901,0.975,0.871,0.958,0.901,28,JAK1,JAK1_28
0.950,0.975,0.965,0.965,0.000,0.946,0.903,0.326,0.442,0.978,0.888,0.978,0.850,0.965,0.888,284,JAK1,JAK1_284
0.955,0.975,0.978,0.978,0.000,0.949,0.930,0.313,0.410,0.975,0.950,0.975,0.813,0.978,0.950,290,JAK1,JAK1_290
0.955,0.977,0.973,0.973,0.000,0.950,0.919,0.311,0.423,0.978,0.938,0.978,0.848,0.973,0.938,294,JAK1,JAK1_294
0.942,0.970,0.952,0.952,0.000,0.939,0.882,0.363,0.580,0.973,0.835,0.973,0.544,0.952,0.835,300,JAK1,JAK1_300
0.957,0.977,0.981,0.981,0.000,0.951,0.931,0.302,0.370,0.977,0.946,0.977,0.854,0.981,0.946,307,JAK1,JAK1_307
0.903,0.951,0.848,0.848,0.000,0.917,0.774,0.435,0.818,0.972,0.802,0.972,0.764,0.848,0.802,32,JAK1,JAK1_32
0.950,0.974,0.965,0.965,0.000,0.946,0.890,0.348,0.538,0.976,0.882,0.976,0.524,0.965,0.882,331,JAK1,JAK1_331
0.946,0.974,0.951,0.951,0.000,0.945,0.881,0.340,0.542,0.977,0.873,0.977,0.629,0.951,0.873,337,JAK1,JAK1_337
0.954,0.978,0.971,0.971,0.000,0.950,0.912,0.306,0.456,0.979,0.920,0.979,0.692,0.971,0.920,34,JAK1,JAK1_34
0.947,0.973,0.948,0.948,0.000,0.946,0.901,0.344,0.588,0.976,0.824,0.976,0.612,0.948,0.824,342,JAK1,JAK1_342
0.956,0.977,0.974,0.974,0.000,0.951,0.925,0.305,0.402,0.978,0.853,0.978,0.533,0.974,0.853,348,JAK1,JAK1_348
0.956,0.979,0.976,0.976,0.000,0.952,0.919,0.313,0.410,0.980,0.941,0.980,0.854,0.976,0.941,349,JAK1,JAK1_349
0.852,0.937,0.652,0.652,0.000,0.902,0.631,0.703,2.898,0.969,0.844,0.969,0.225,0.652,0.844,361,JAK1,JAK1_361
0.938,0.966,0.947,0.947,0.000,0.935,0.868,0.375,0.673,0.970,0.801,0.970,0.514,0.947,0.801,37,JAK1,JAK1_37
0.956,0.977,0.976,0.976,0.000,0.951,0.922,0.311,0.434,0.978,0.936,0.978,0.859,0.976,0.936,379,JAK1,JAK1_379
0.955,0.975,0.983,0.983,0.000,0.948,0.935,0.304,0.419,0.976,0.917,0.976,0.626,0.983,0.917,380,JAK1,JAK1_380
0.947,0.974,0.955,0.955,0.000,0.945,0.897,0.331,0.483,0.977,0.885,0.977,0.859,0.955,0.885,39,JAK1,JAK1_39
0.955,0.976,0.975,0.975,0.000,0.950,0.922,0.309,0.436,0.976,0.944,0.976,0.787,0.975,0.944,393,JAK1,JAK1_393
0.944,0.970,0.960,0.960,0.000,0.940,0.889,0.352,0.532,0.972,0.852,0.972,0.564,0.960,0.852,398,JAK1,JAK1_398
0.957,0.979,0.981,0.981,0.000,0.950,0.933,0.301,0.387,0.979,0.876,0.979,0.577,0.981,0.876,407,JAK1,JAK1_407
0.954,0.977,0.972,0.972,0.000,0.949,0.915,0.310,0.426,0.978,0.939,0.978,0.857,0.972,0.939,421,JAK1,JAK1_421
0.942,0.974,0.939,0.939,0.000,0.942,0.877,0.338,0.486,0.980,0.893,0.980,0.813,0.939,0.893,427,JAK1,JAK1_427
0.930,0.966,0.911,0.911,0.000,0.934,0.852,0.404,0.809,0.974,0.801,0.974,0.615,0.911,0.801,432,JAK1,JAK1_432
0.956,0.977,0.977,0.977,0.000,0.951,0.927,0.302,0.373,0.978,0.932,0.978,0.784,0.977,0.932,433,JAK1,JAK1_433
0.956,0.976,0.980,0.980,0.000,0.950,0.937,0.306,0.369,0.976,0.926,0.976,0.823,0.980,0.926,437,JAK1,JAK1_437
0.940,0.971,0.941,0.941,0.000,0.940,0.874,0.331,0.461,0.977,0.836,0.977,0.570,0.941,0.836,449,JAK1,JAK1_449
0.957,0.977,0.979,0.979,0.000,0.952,0.931,0.310,0.385,0.978,0.942,0.978,0.857,0.979,0.942,472,JAK1,JAK1_472
0.954,0.975,0.974,0.974,0.000,0.949,0.923,0.316,0.394,0.977,0.906,0.977,0.856,0.974,0.906,476,JAK1,JAK1_476
0.959,0.978,0.987,0.987,0.000,0.952,0.949,0.291,0.334,0.978,0.964,0.978,0.696,0.987,0.964,48,JAK1,JAK1_48
0.926,0.964,0.907,0.907,0.000,0.931,0.831,0.460,0.877,0.975,0.794,0.975,0.541,0.907,0.794,49,JAK1,JAK1_49
0.949,0.974,0.953,0.953,0.000,0.948,0.902,0.323,0.507,0.977,0.926,0.977,0.769,0.953,0.926,5,JAK1,JAK1_5
0.954,0.974,0.973,0.973,0.000,0.950,0.917,0.320,0.457,0.975,0.943,0.975,0.781,0.973,0.943,505,JAK1,JAK1_505
0.949,0.973,0.963,0.963,0.000,0.945,0.900,0.330,0.481,0.976,0.884,0.976,0.850,0.963,0.884,506,JAK1,JAK1_506
0.952,0.971,0.979,0.979,0.000,0.946,0.938,0.317,0.372,0.971,0.919,0.971,0.675,0.979,0.919,522,JAK1,JAK1_522
0.954,0.975,0.975,0.975,0.000,0.949,0.933,0.313,0.380,0.976,0.908,0.976,0.852,0.975,0.908,538,JAK1,JAK1_538
0.954,0.978,0.974,0.974,0.000,0.949,0.925,0.304,0.399,0.979,0.953,0.979,0.870,0.974,0.953,548,JAK1,JAK1_548
0.959,0.979,0.985,0.985,0.000,0.953,0.941,0.293,0.352,0.979,0.854,0.979,0.570,0.985,0.854,549,JAK1,JAK1_549
0.957,0.977,0.980,0.980,0.000,0.952,0.932,0.311,0.391,0.977,0.949,0.977,0.827,0.980,0.949,56,JAK1,JAK1_56
0.962,0.979,0.988,0.988,0.000,0.956,0.948,0.290,0.329,0.979,0.954,0.979,0.871,0.988,0.954,562,JAK1,JAK1_562
0.946,0.974,0.955,0.955,0.000,0.944,0.892,0.355,0.466,0.978,0.847,0.978,0.590,0.955,0.847,573,JAK1,JAK1_573
0.945,0.973,0.936,0.936,0.000,0.947,0.901,0.346,0.643,0.976,0.846,0.976,0.580,0.936,0.846,582,JAK1,JAK1_582
0.946,0.973,0.950,0.950,0.000,0.945,0.892,0.325,0.446,0.978,0.847,0.978,0.629,0.950,0.847,59,JAK1,JAK1_59
0.942,0.973,0.947,0.947,0.000,0.941,0.882,0.326,0.446,0.977,0.873,0.977,0.584,0.947,0.873,61,JAK1,JAK1_61
0.944,0.973,0.939,0.939,0.000,0.945,0.888,0.342,0.664,0.976,0.938,0.976,0.594,0.939,0.938,626,JAK1,JAK1_626
0.936,0.969,0.923,0.923,0.000,0.939,0.849,0.372,0.722,0.974,0.806,0.974,0.545,0.923,0.806,639,JAK1,JAK1_639
0.956,0.977,0.983,0.983,0.000,0.950,0.944,0.303,0.350,0.976,0.923,0.976,0.855,0.983,0.923,645,JAK1,JAK1_645
0.955,0.975,0.977,0.977,0.000,0.950,0.919,0.312,0.412,0.976,0.935,0.976,0.763,0.977,0.935,65,JAK1,JAK1_65
0.954,0.978,0.971,0.971,0.000,0.950,0.930,0.314,0.412,0.979,0.949,0.979,0.858,0.971,0.949,650,JAK1,JAK1_650
0.838,0.923,0.647,0.647,0.000,0.886,0.612,0.854,2.807,0.964,0.778,0.964,0.183,0.647,0.778,651,JAK1,JAK1_651
0.952,0.975,0.971,0.971,0.000,0.947,0.912,0.322,0.425,0.977,0.903,0.977,0.862,0.971,0.903,665,JAK1,JAK1_665
0.952,0.974,0.971,0.971,0.000,0.947,0.905,0.320,0.460,0.976,0.932,0.976,0.774,0.971,0.932,681,JAK1,JAK1_681
0.954,0.977,0.971,0.971,0.000,0.950,0.921,0.312,0.379,0.979,0.854,0.979,0.594,0.971,0.854,682,JAK1,JAK1_682
0.928,0.958,0.922,0.922,0.000,0.930,0.862,0.385,0.624,0.964,0.826,0.964,0.621,0.922,0.826,701,JAK1,JAK1_701
0.936,0.968,0.927,0.927,0.000,0.938,0.861,0.346,0.513,0.976,0.881,0.976,0.808,0.927,0.881,713,JAK1,JAK1_713
0.955,0.976,0.975,0.975,0.000,0.950,0.915,0.324,0.456,0.977,0.905,0.977,0.609,0.975,0.905,718,JAK1,JAK1_718
0.953,0.974,0.966,0.966,0.000,0.950,0.915,0.327,0.475,0.976,0.838,0.976,0.565,0.966,0.838,724,JAK1,JAK1_724
0.958,0.977,0.979,0.979,0.000,0.953,0.933,0.308,0.397,0.978,0.947,0.978,0.852,0.979,0.947,732,JAK1,JAK1_732
0.944,0.972,0.946,0.946,0.000,0.943,0.888,0.339,0.484,0.977,0.815,0.977,0.566,0.946,0.815,739,JAK1,JAK1_739
0.955,0.975,0.976,0.976,0.000,0.950,0.924,0.312,0.415,0.976,0.944,0.976,0.809,0.976,0.944,767,JAK1,JAK1_767
0.955,0.978,0.974,0.974,0.000,0.951,0.924,0.304,0.419,0.979,0.894,0.979,0.742,0.974,0.894,768,JAK1,JAK1_768
0.911,0.955,0.859,0.859,0.000,0.924,0.805,0.463,0.917,0.975,0.809,0.975,0.795,0.859,0.809,781,JAK1,JAK1_781
0.953,0.975,0.971,0.971,0.000,0.948,0.921,0.325,0.463,0.975,0.892,0.975,0.677,0.971,0.892,785,JAK1,JAK1_785
0.956,0.979,0.975,0.975,0.000,0.952,0.930,0.310,0.415,0.980,0.834,0.980,0.689,0.975,0.834,787,JAK1,JAK1_787
0.942,0.965,0.952,0.952,0.000,0.940,0.900,0.349,0.528,0.968,0.845,0.968,0.569,0.952,0.845,797,JAK1,JAK1_797
0.957,0.977,0.982,0.982,0.000,0.951,0.936,0.304,0.381,0.977,0.932,0.977,0.732,0.982,0.932,804,JAK1,JAK1_804
0.951,0.976,0.967,0.967,0.000,0.947,0.911,0.317,0.404,0.978,0.872,0.978,0.626,0.967,0.872,829,JAK1,JAK1_829
0.956,0.977,0.975,0.975,0.000,0.951,0.921,0.313,0.431,0.977,0.848,0.977,0.559,0.975,0.848,848,JAK1,JAK1_848
0.946,0.973,0.950,0.950,0.000,0.944,0.885,0.342,0.594,0.976,0.841,0.976,0.563,0.950,0.841,863,JAK1,JAK1_863
0.950,0.975,0.961,0.961,0.000,0.947,0.907,0.330,0.449,0.978,0.877,0.978,0.683,0.961,0.877,865,JAK1,JAK1_865
0.946,0.972,0.963,0.963,0.000,0.942,0.892,0.355,0.458,0.974,0.849,0.974,0.767,0.963,0.849,878,JAK1,JAK1_878
0.955,0.976,0.974,0.974,0.000,0.951,0.930,0.311,0.427,0.977,0.846,0.977,0.571,0.974,0.846,906,JAK1,JAK1_906
0.954,0.977,0.970,0.970,0.000,0.951,0.917,0.311,0.430,0.979,0.938,0.979,0.865,0.970,0.938,910,JAK1,JAK1_910
0.957,0.979,0.981,0.981,0.000,0.951,0.943,0.298,0.364,0.979,0.908,0.979,0.627,0.981,0.908,915,JAK1,JAK1_915
0.931,0.967,0.914,0.914,0.000,0.936,0.853,0.372,0.574,0.977,0.824,0.977,0.665,0.914,0.824,917,JAK1,JAK1_917
0.955,0.976,0.978,0.978,0.000,0.949,0.932,0.310,0.392,0.977,0.893,0.977,0.641,0.978,0.893,937,JAK1,JAK1_937
0.955,0.974,0.975,0.975,0.000,0.950,0.922,0.315,0.437,0.975,0.945,0.975,0.775,0.975,0.945,940,JAK1,JAK1_940
0.946,0.974,0.943,0.943,0.000,0.947,0.907,0.332,0.586,0.977,0.857,0.977,0.574,0.943,0.857,957,JAK1,JAK1_957
0.957,0.976,0.981,0.981,0.000,0.951,0.941,0.307,0.386,0.976,0.906,0.976,0.672,0.981,0.906,98,JAK1,JAK1_98
0.955,0.976,0.973,0.973,0.000,0.950,0.921,0.314,0.391,0.977,0.875,0.977,0.559,0.973,0.875,985,JAK1,JAK1_985
0.943,0.975,0.939,0.939,0.000,0.943,0.856,0.349,0.698,0.979,0.852,0.979,0.440,0.939,0.852,997,JAK1,JAK1_997
0.801,0.778,0.774,0.774,0.000,0.808,0.653,2.125,5.805,0.778,0.842,0.778,0.244,0.774,0.842,0,KDM1A,KDM1A_0
0.849,0.788,0.943,0.943,0.000,0.826,0.831,1.749,4.080,0.781,0.947,0.781,0.500,0.943,0.947,100,KDM1A,KDM1A_100
0.832,0.787,0.880,0.880,0.000,0.820,0.798,1.813,4.044,0.784,0.908,0.784,0.298,0.880,0.908,128,KDM1A,KDM1A_128
0.808,0.777,0.784,0.784,0.000,0.815,0.717,2.236,6.852,0.777,0.875,0.777,0.264,0.784,0.875,153,KDM1A,KDM1A_153
0.830,0.781,0.863,0.863,0.000,0.822,0.786,1.909,4.436,0.779,0.829,0.779,0.320,0.863,0.829,155,KDM1A,KDM1A_155
0.787,0.770,0.700,0.700,0.000,0.808,0.642,2.426,8.395,0.775,0.837,0.775,0.195,0.700,0.837,160,KDM1A,KDM1A_160
0.787,0.775,0.712,0.712,0.000,0.805,0.633,2.413,8.259,0.779,0.807,0.779,0.205,0.712,0.807,167,KDM1A,KDM1A_167
0.787,0.776,0.695,0.695,0.000,0.810,0.619,2.411,7.979,0.780,0.851,0.780,0.192,0.695,0.851,18,KDM1A,KDM1A_18
0.804,0.787,0.767,0.767,0.000,0.814,0.678,2.084,6.243,0.788,0.836,0.788,0.224,0.767,0.836,182,KDM1A,KDM1A_182
0.789,0.782,0.719,0.719,0.000,0.807,0.648,2.186,7.066,0.785,0.819,0.785,0.247,0.719,0.819,188,KDM1A,KDM1A_188
0.815,0.780,0.819,0.819,0.000,0.814,0.694,2.030,5.378,0.779,0.841,0.779,0.247,0.819,0.841,195,KDM1A,KDM1A_195
0.805,0.780,0.775,0.775,0.000,0.812,0.725,2.147,6.518,0.780,0.928,0.780,0.209,0.775,0.928,196,KDM1A,KDM1A_196
0.800,0.793,0.782,0.782,0.000,0.805,0.633,2.016,5.778,0.794,0.811,0.794,0.230,0.782,0.811,2,KDM1A,KDM1A_2
0.817,0.779,0.810,0.810,0.000,0.819,0.755,2.025,6.466,0.778,0.881,0.778,0.255,0.810,0.881,202,KDM1A,KDM1A_202
0.839,0.827,0.894,0.894,0.000,0.826,0.784,1.539,4.295,0.824,0.932,0.824,0.401,0.894,0.932,21,KDM1A,KDM1A_21
0.805,0.779,0.791,0.791,0.000,0.808,0.680,2.167,5.820,0.779,0.815,0.779,0.240,0.791,0.815,215,KDM1A,KDM1A_215
0.851,0.791,0.946,0.946,0.000,0.828,0.854,1.705,3.763,0.785,0.952,0.785,0.524,0.946,0.952,216,KDM1A,KDM1A_216
0.827,0.798,0.873,0.873,0.000,0.815,0.715,1.792,4.575,0.796,0.870,0.796,0.325,0.873,0.870,218,KDM1A,KDM1A_218
0.786,0.781,0.685,0.685,0.000,0.811,0.615,2.087,6.905,0.784,0.823,0.784,0.184,0.685,0.823,220,KDM1A,KDM1A_220
0.804,0.774,0.773,0.773,0.000,0.812,0.684,2.110,6.519,0.774,0.822,0.774,0.215,0.773,0.822,230,KDM1A,KDM1A_230
0.838,0.782,0.904,0.904,0.000,0.822,0.833,1.830,3.446,0.779,0.946,0.779,0.429,0.904,0.946,232,KDM1A,KDM1A_232
0.806,0.776,0.781,0.781,0.000,0.812,0.646,2.075,6.512,0.776,0.844,0.776,0.276,0.781,0.844,233,KDM1A,KDM1A_233
0.796,0.787,0.727,0.727,0.000,0.814,0.602,2.064,6.226,0.789,0.886,0.789,0.197,0.727,0.886,268,KDM1A,KDM1A_268
0.838,0.785,0.901,0.901,0.000,0.823,0.821,2.010,4.945,0.782,0.939,0.782,0.474,0.901,0.939,270,KDM1A,KDM1A_270
0.848,0.803,0.931,0.931,0.000,0.827,0.814,1.636,4.147,0.798,0.940,0.798,0.501,0.931,0.940,28,KDM1A,KDM1A_28
0.787,0.802,0.670,0.670,0.000,0.816,0.591,1.968,7.783,0.806,0.829,0.806,0.184,0.670,0.829,293,KDM1A,KDM1A_293
0.823,0.777,0.856,0.856,0.000,0.814,0.759,1.898,4.611,0.774,0.925,0.774,0.318,0.856,0.925,297,KDM1A,KDM1A_297
0.789,0.781,0.700,0.700,0.000,0.811,0.635,2.050,6.742,0.784,0.769,0.784,0.195,0.700,0.769,299,KDM1A,KDM1A_299
0.818,0.784,0.822,0.822,0.000,0.817,0.703,2.066,5.802,0.783,0.829,0.783,0.265,0.822,0.829,302,KDM1A,KDM1A_302
0.828,0.791,0.849,0.849,0.000,0.822,0.773,1.840,4.856,0.789,0.911,0.789,0.385,0.849,0.911,32,KDM1A,KDM1A_32
0.791,0.784,0.714,0.714,0.000,0.810,0.639,2.166,7.336,0.787,0.819,0.787,0.212,0.714,0.819,325,KDM1A,KDM1A_325
0.822,0.783,0.855,0.855,0.000,0.814,0.767,2.014,5.651,0.781,0.925,0.781,0.313,0.855,0.925,328,KDM1A,KDM1A_328
0.814,0.795,0.802,0.802,0.000,0.817,0.717,1.885,5.151,0.795,0.884,0.795,0.257,0.802,0.884,335,KDM1A,KDM1A_335
0.808,0.802,0.787,0.787,0.000,0.813,0.682,1.829,5.500,0.803,0.820,0.803,0.277,0.787,0.820,34,KDM1A,KDM1A_34
0.801,0.776,0.767,0.767,0.000,0.809,0.628,2.160,5.812,0.777,0.886,0.777,0.197,0.767,0.886,343,KDM1A,KDM1A_343
0.795,0.775,0.744,0.744,0.000,0.807,0.678,2.126,7.089,0.777,0.864,0.777,0.259,0.744,0.864,348,KDM1A,KDM1A_348
0.793,0.780,0.712,0.712,0.000,0.814,0.656,2.209,7.204,0.782,0.808,0.782,0.207,0.712,0.808,357,KDM1A,KDM1A_357
0.806,0.778,0.793,0.793,0.000,0.809,0.681,2.044,5.558,0.778,0.803,0.778,0.228,0.793,0.803,369,KDM1A,KDM1A_369
0.796,0.782,0.750,0.750,0.000,0.807,0.654,1.908,5.950,0.784,0.823,0.784,0.236,0.750,0.823,37,KDM1A,KDM1A_37
0.839,0.791,0.909,0.909,0.000,0.821,0.822,1.899,3.972,0.787,0.926,0.787,0.361,0.909,0.926,398,KDM1A,KDM1A_398
0.845,0.788,0.916,0.916,0.000,0.827,0.809,1.938,4.974,0.783,0.927,0.783,0.358,0.916,0.927,4,KDM1A,KDM1A_4
0.803,0.785,0.737,0.737,0.000,0.819,0.653,2.119,7.180,0.787,0.780,0.787,0.191,0.737,0.780,402,KDM1A,KDM1A_402
0.834,0.785,0.886,0.886,0.000,0.821,0.806,1.846,4.125,0.781,0.923,0.781,0.448,0.886,0.923,426,KDM1A,KDM1A_426
0.784,0.775,0.679,0.679,0.000,0.810,0.604,2.159,7.344,0.778,0.835,0.778,0.181,0.679,0.835,429,KDM1A,KDM1A_429
0.855,0.801,0.950,0.950,0.000,0.831,0.832,1.619,3.700,0.795,0.956,0.795,0.537,0.950,0.956,453,KDM1A,KDM1A_453
0.815,0.780,0.818,0.818,0.000,0.814,0.718,2.043,5.165,0.779,0.893,0.779,0.246,0.818,0.893,49,KDM1A,KDM1A_49
0.799,0.786,0.730,0.730,0.000,0.816,0.686,2.029,7.292,0.787,0.945,0.787,0.258,0.730,0.945,496,KDM1A,KDM1A_496
0.799,0.785,0.748,0.748,0.000,0.812,0.666,2.108,6.782,0.787,0.897,0.787,0.272,0.748,0.897,5,KDM1A,KDM1A_5
0.821,0.791,0.820,0.820,0.000,0.821,0.704,1.931,5.514,0.790,0.896,0.790,0.298,0.820,0.896,503,KDM1A,KDM1A_503
0.856,0.804,0.965,0.965,0.000,0.828,0.842,1.760,4.148,0.798,0.885,0.798,0.404,0.965,0.885,531,KDM1A,KDM1A_531
0.800,0.785,0.743,0.743,0.000,0.814,0.662,2.017,6.395,0.787,0.841,0.787,0.215,0.743,0.841,532,KDM1A,KDM1A_532
0.823,0.783,0.844,0.844,0.000,0.818,0.745,2.045,5.130,0.781,0.897,0.781,0.281,0.844,0.897,545,KDM1A,KDM1A_545
0.796,0.777,0.729,0.729,0.000,0.813,0.694,2.081,6.236,0.778,0.932,0.778,0.186,0.729,0.932,551,KDM1A,KDM1A_551
0.788,0.781,0.683,0.683,0.000,0.814,0.605,2.261,7.930,0.785,0.753,0.785,0.193,0.683,0.753,553,KDM1A,KDM1A_553
0.780,0.784,0.663,0.663,0.000,0.809,0.618,2.176,7.453,0.788,0.808,0.788,0.176,0.663,0.808,555,KDM1A,KDM1A_555
0.821,0.780,0.855,0.855,0.000,0.813,0.782,1.882,4.466,0.778,0.879,0.778,0.310,0.855,0.879,561,KDM1A,KDM1A_561
0.843,0.779,0.921,0.921,0.000,0.824,0.846,1.862,3.782,0.774,0.941,0.774,0.473,0.921,0.941,564,KDM1A,KDM1A_564
0.798,0.790,0.739,0.739,0.000,0.812,0.654,2.037,7.146,0.792,0.793,0.792,0.201,0.739,0.793,565,KDM1A,KDM1A_565
0.790,0.776,0.710,0.710,0.000,0.810,0.650,2.233,7.328,0.780,0.862,0.780,0.206,0.710,0.862,57,KDM1A,KDM1A_57
0.792,0.784,0.724,0.724,0.000,0.809,0.662,2.114,6.961,0.787,0.837,0.787,0.240,0.724,0.837,572,KDM1A,KDM1A_572
0.806,0.791,0.798,0.798,0.000,0.807,0.679,1.926,5.553,0.791,0.922,0.791,0.302,0.798,0.922,581,KDM1A,KDM1A_581
0.818,0.788,0.844,0.844,0.000,0.812,0.751,1.971,4.842,0.786,0.918,0.786,0.311,0.844,0.918,598,KDM1A,KDM1A_598
0.801,0.782,0.765,0.765,0.000,0.810,0.626,2.094,5.936,0.783,0.836,0.783,0.205,0.765,0.836,60,KDM1A,KDM1A_60
0.824,0.784,0.831,0.831,0.000,0.822,0.768,1.942,6.056,0.782,0.886,0.782,0.275,0.831,0.886,601,KDM1A,KDM1A_601
0.813,0.799,0.801,0.801,0.000,0.817,0.702,1.813,5.197,0.799,0.866,0.799,0.252,0.801,0.866,602,KDM1A,KDM1A_602
0.833,0.799,0.869,0.869,0.000,0.824,0.784,1.968,4.242,0.798,0.870,0.798,0.306,0.869,0.870,62,KDM1A,KDM1A_62
0.805,0.796,0.763,0.763,0.000,0.815,0.676,1.942,6.031,0.797,0.915,0.797,0.260,0.763,0.915,623,KDM1A,KDM1A_623
0.840,0.802,0.898,0.898,0.000,0.826,0.787,1.810,5.312,0.797,0.929,0.797,0.431,0.898,0.929,636,KDM1A,KDM1A_636
0.826,0.780,0.856,0.856,0.000,0.819,0.763,2.334,6.289,0.778,0.824,0.778,0.288,0.856,0.824,64,KDM1A,KDM1A_64
0.808,0.772,0.787,0.787,0.000,0.813,0.689,2.199,6.120,0.771,0.880,0.771,0.254,0.787,0.880,640,KDM1A,KDM1A_640
0.795,0.785,0.716,0.716,0.000,0.815,0.664,2.119,7.327,0.787,0.814,0.787,0.223,0.716,0.814,644,KDM1A,KDM1A_644
0.823,0.792,0.850,0.850,0.000,0.816,0.771,1.942,5.408,0.791,0.942,0.791,0.384,0.850,0.942,646,KDM1A,KDM1A_646
0.842,0.796,0.913,0.913,0.000,0.825,0.826,1.731,3.378,0.792,0.881,0.792,0.384,0.913,0.881,654,KDM1A,KDM1A_654
0.806,0.785,0.767,0.767,0.000,0.815,0.715,2.141,6.372,0.786,0.930,0.786,0.199,0.767,0.930,669,KDM1A,KDM1A_669
0.815,0.794,0.818,0.818,0.000,0.814,0.727,2.003,5.690,0.793,0.887,0.793,0.325,0.818,0.887,670,KDM1A,KDM1A_670
0.819,0.798,0.834,0.834,0.000,0.815,0.728,1.888,5.180,0.797,0.873,0.797,0.273,0.834,0.873,671,KDM1A,KDM1A_671
0.795,0.776,0.751,0.751,0.000,0.806,0.661,2.116,6.331,0.778,0.846,0.778,0.204,0.751,0.846,673,KDM1A,KDM1A_673
0.850,0.792,0.950,0.950,0.000,0.826,0.866,1.765,2.880,0.788,0.914,0.788,0.415,0.950,0.914,675,KDM1A,KDM1A_675
0.786,0.777,0.697,0.697,0.000,0.808,0.591,2.234,7.280,0.781,0.780,0.781,0.187,0.697,0.780,694,KDM1A,KDM1A_694
0.790,0.775,0.707,0.707,0.000,0.810,0.618,2.161,6.875,0.779,0.829,0.779,0.257,0.707,0.829,697,KDM1A,KDM1A_697
0.858,0.800,0.973,0.973,0.000,0.829,0.875,1.697,3.671,0.793,0.872,0.793,0.401,0.973,0.872,707,KDM1A,KDM1A_707
0.835,0.783,0.894,0.894,0.000,0.821,0.830,1.930,4.437,0.778,0.847,0.778,0.314,0.894,0.847,725,KDM1A,KDM1A_725
0.800,0.789,0.755,0.755,0.000,0.812,0.646,2.067,6.065,0.790,0.836,0.790,0.185,0.755,0.836,735,KDM1A,KDM1A_735
0.788,0.783,0.702,0.702,0.000,0.810,0.633,2.171,7.240,0.786,0.793,0.786,0.201,0.702,0.793,750,KDM1A,KDM1A_750
0.842,0.792,0.908,0.908,0.000,0.825,0.827,1.751,3.746,0.788,0.869,0.788,0.392,0.908,0.869,798,KDM1A,KDM1A_798
0.843,0.790,0.931,0.931,0.000,0.821,0.839,1.905,3.323,0.785,0.944,0.785,0.467,0.931,0.944,815,KDM1A,KDM1A_815
0.827,0.789,0.858,0.858,0.000,0.820,0.771,1.881,4.701,0.786,0.907,0.786,0.343,0.858,0.907,835,KDM1A,KDM1A_835
0.815,0.790,0.830,0.830,0.000,0.811,0.654,1.954,4.770,0.789,0.854,0.789,0.340,0.830,0.854,847,KDM1A,KDM1A_847
0.841,0.791,0.924,0.924,0.000,0.820,0.833,1.827,2.990,0.788,0.960,0.788,0.482,0.924,0.960,860,KDM1A,KDM1A_860
0.852,0.793,0.944,0.944,0.000,0.829,0.834,1.736,4.524,0.788,0.869,0.788,0.424,0.944,0.869,874,KDM1A,KDM1A_874
0.761,0.770,0.587,0.587,0.000,0.805,0.562,2.440,8.925,0.777,0.773,0.777,0.166,0.587,0.773,877,KDM1A,KDM1A_877
0.791,0.781,0.725,0.725,0.000,0.807,0.641,2.105,6.663,0.784,0.862,0.784,0.207,0.725,0.862,884,KDM1A,KDM1A_884
0.814,0.778,0.824,0.824,0.000,0.812,0.731,1.988,5.455,0.776,0.902,0.776,0.286,0.824,0.902,908,KDM1A,KDM1A_908
0.810,0.791,0.817,0.817,0.000,0.808,0.729,1.898,4.636,0.790,0.883,0.790,0.267,0.817,0.883,918,KDM1A,KDM1A_918
0.785,0.772,0.672,0.672,0.000,0.813,0.623,2.271,7.516,0.776,0.841,0.776,0.179,0.672,0.841,926,KDM1A,KDM1A_926
0.847,0.792,0.941,0.941,0.000,0.823,0.824,1.845,3.537,0.787,0.868,0.787,0.402,0.941,0.868,936,KDM1A,KDM1A_936
0.861,0.824,0.955,0.955,0.000,0.837,0.841,1.521,3.740,0.818,0.946,0.818,0.433,0.955,0.946,955,KDM1A,KDM1A_955
0.801,0.781,0.763,0.763,0.000,0.810,0.643,2.106,5.996,0.782,0.829,0.782,0.242,0.763,0.829,958,KDM1A,KDM1A_958
0.799,0.785,0.746,0.746,0.000,0.812,0.658,2.164,7.133,0.787,0.831,0.787,0.229,0.746,0.831,978,KDM1A,KDM1A_978
0.810,0.774,0.770,0.770,0.000,0.820,0.728,2.033,6.295,0.775,0.743,0.775,0.251,0.770,0.743,996,KDM1A,KDM1A_996
0.899,0.934,0.905,0.905,0.000,0.898,0.856,0.470,1.395,0.937,0.904,0.937,0.441,0.905,0.904,0,NR4A1,NR4A1_0
0.798,0.894,0.597,0.597,0.000,0.848,0.564,0.862,3.800,0.932,0.790,0.932,0.181,0.597,0.790,1,NR4A1,NR4A1_1
0.879,0.921,0.867,0.867,0.000,0.882,0.808,0.544,1.387,0.925,0.829,0.925,0.334,0.867,0.829,10,NR4A1,NR4A1_10
0.753,0.880,0.389,0.389,0.000,0.844,0.442,1.180,7.532,0.933,0.822,0.933,0.117,0.389,0.822,11,NR4A1,NR4A1_11
0.879,0.925,0.881,0.881,0.000,0.879,0.750,0.493,1.254,0.931,0.805,0.931,0.349,0.881,0.805,12,NR4A1,NR4A1_12
0.722,0.841,0.328,0.328,0.000,0.820,0.361,1.289,7.852,0.910,0.807,0.910,0.092,0.328,0.807,13,NR4A1,NR4A1_13
0.763,0.876,0.464,0.464,0.000,0.837,0.505,1.101,5.493,0.928,0.737,0.928,0.139,0.464,0.737,16,NR4A1,NR4A1_16
0.747,0.867,0.418,0.418,0.000,0.830,0.495,1.132,5.750,0.930,0.712,0.930,0.155,0.418,0.712,17,NR4A1,NR4A1_17
0.777,0.898,0.446,0.446,0.000,0.860,0.533,0.917,5.999,0.932,0.859,0.932,0.112,0.446,0.859,19,NR4A1,NR4A1_19
0.784,0.901,0.464,0.464,0.000,0.864,0.512,0.894,5.689,0.933,0.807,0.933,0.103,0.464,0.807,2,NR4A1,NR4A1_2
0.857,0.916,0.780,0.780,0.000,0.876,0.700,0.595,2.164,0.929,0.801,0.929,0.237,0.780,0.801,20,NR4A1,NR4A1_20
0.864,0.917,0.767,0.767,0.000,0.888,0.825,0.742,3.592,0.927,0.963,0.927,0.428,0.767,0.963,22,NR4A1,NR4A1_22
0.864,0.917,0.836,0.836,0.000,0.871,0.714,0.561,1.638,0.927,0.775,0.927,0.299,0.836,0.775,23,NR4A1,NR4A1_23
0.716,0.842,0.303,0.303,0.000,0.819,0.350,1.422,8.870,0.922,0.793,0.922,0.089,0.303,0.793,27,NR4A1,NR4A1_27
0.772,0.878,0.493,0.493,0.000,0.842,0.555,1.103,5.193,0.926,0.690,0.926,0.136,0.493,0.690,3,NR4A1,NR4A1_3
0.861,0.934,0.754,0.754,0.000,0.888,0.739,0.691,4.028,0.945,0.890,0.945,0.291,0.754,0.890,4,NR4A1,NR4A1_4
0.733,0.862,0.336,0.336,0.000,0.832,0.462,1.259,6.982,0.925,0.746,0.925,0.101,0.336,0.746,5,NR4A1,NR4A1_5
0.896,0.923,0.927,0.927,0.000,0.888,0.850,0.487,0.940,0.924,0.810,0.924,0.398,0.927,0.810,6,NR4A1,NR4A1_6
0.773,0.911,0.362,0.362,0.000,0.875,0.495,0.932,7.287,0.941,0.917,0.941,0.088,0.362,0.917,7,NR4A1,NR4A1_7
0.738,0.854,0.378,0.378,0.000,0.828,0.423,1.254,7.140,0.923,0.802,0.923,0.096,0.378,0.802,8,NR4A1,NR4A1_8
0.867,0.822,0.904,0.904,0.000,0.858,0.798,0.598,1.238,0.815,0.798,0.815,0.412,0.904,0.798,0,P2RX3,P2RX3_0
0.839,0.805,0.807,0.807,0.000,0.847,0.740,0.724,2.507,0.808,0.830,0.808,0.268,0.807,0.830,11,P2RX3,P2RX3_11
0.887,0.837,0.960,0.960,0.000,0.868,0.867,0.505,0.668,0.826,0.862,0.826,0.449,0.960,0.862,127,P2RX3,P2RX3_127
0.884,0.835,0.954,0.954,0.000,0.866,0.855,0.509,0.729,0.823,0.850,0.823,0.440,0.954,0.850,137,P2RX3,P2RX3_137
0.883,0.831,0.951,0.951,0.000,0.866,0.864,0.508,0.666,0.820,0.886,0.820,0.539,0.951,0.886,14,P2RX3,P2RX3_14
0.886,0.837,0.961,0.961,0.000,0.867,0.876,0.515,0.682,0.826,0.895,0.826,0.470,0.961,0.895,178,P2RX3,P2RX3_178
0.828,0.799,0.772,0.772,0.000,0.841,0.692,0.710,2.349,0.804,0.801,0.804,0.236,0.772,0.801,18,P2RX3,P2RX3_18
0.822,0.803,0.758,0.758,0.000,0.838,0.686,0.747,2.416,0.810,0.786,0.810,0.256,0.758,0.786,180,P2RX3,P2RX3_180
0.821,0.818,0.692,0.692,0.000,0.854,0.672,0.745,4.113,0.827,0.861,0.827,0.171,0.692,0.861,189,P2RX3,P2RX3_189
0.827,0.796,0.761,0.761,0.000,0.844,0.683,0.747,2.927,0.802,0.828,0.802,0.221,0.761,0.828,2,P2RX3,P2RX3_2
0.887,0.842,0.960,0.960,0.000,0.869,0.868,0.524,0.729,0.832,0.862,0.832,0.450,0.960,0.862,201,P2RX3,P2RX3_201
0.778,0.785,0.566,0.566,0.000,0.831,0.605,1.043,6.120,0.810,0.817,0.810,0.158,0.566,0.817,208,P2RX3,P2RX3_208
0.893,0.832,0.974,0.974,0.000,0.873,0.890,0.483,0.572,0.822,0.899,0.822,0.486,0.974,0.899,209,P2RX3,P2RX3_209
0.876,0.832,0.928,0.928,0.000,0.863,0.828,0.554,1.030,0.823,0.861,0.823,0.423,0.928,0.861,215,P2RX3,P2RX3_215
0.879,0.831,0.939,0.939,0.000,0.864,0.844,0.545,0.883,0.821,0.801,0.821,0.431,0.939,0.801,227,P2RX3,P2RX3_227
0.867,0.827,0.907,0.907,0.000,0.857,0.806,0.578,1.185,0.822,0.899,0.822,0.491,0.907,0.899,232,P2RX3,P2RX3_232
0.885,0.837,0.952,0.952,0.000,0.869,0.860,0.514,0.798,0.827,0.877,0.827,0.433,0.952,0.877,241,P2RX3,P2RX3_241
0.881,0.825,0.951,0.951,0.000,0.863,0.856,0.527,0.745,0.813,0.857,0.813,0.446,0.951,0.857,243,P2RX3,P2RX3_243
0.821,0.800,0.747,0.747,0.000,0.839,0.703,0.836,3.242,0.810,0.804,0.810,0.245,0.747,0.804,247,P2RX3,P2RX3_247
0.881,0.831,0.942,0.942,0.000,0.865,0.843,0.509,0.751,0.820,0.858,0.820,0.455,0.942,0.858,248,P2RX3,P2RX3_248
0.881,0.830,0.952,0.952,0.000,0.864,0.854,0.537,0.813,0.818,0.854,0.818,0.437,0.952,0.854,258,P2RX3,P2RX3_258
0.891,0.836,0.967,0.967,0.000,0.872,0.885,0.475,0.549,0.824,0.941,0.824,0.615,0.967,0.941,262,P2RX3,P2RX3_262
0.889,0.841,0.969,0.969,0.000,0.868,0.883,0.499,0.567,0.829,0.910,0.829,0.545,0.969,0.910,28,P2RX3,P2RX3_28
0.881,0.833,0.952,0.952,0.000,0.864,0.858,0.539,0.778,0.822,0.851,0.822,0.437,0.952,0.851,286,P2RX3,P2RX3_286
0.889,0.835,0.963,0.963,0.000,0.871,0.883,0.500,0.648,0.824,0.864,0.824,0.454,0.963,0.864,30,P2RX3,P2RX3_30
0.871,0.808,0.906,0.906,0.000,0.862,0.815,0.579,1.284,0.799,0.874,0.799,0.441,0.906,0.874,301,P2RX3,P2RX3_301
0.893,0.847,0.974,0.974,0.000,0.873,0.898,0.479,0.577,0.837,0.894,0.837,0.507,0.974,0.894,304,P2RX3,P2RX3_304
0.756,0.778,0.455,0.455,0.000,0.831,0.535,1.247,8.937,0.804,0.814,0.804,0.121,0.455,0.814,306,P2RX3,P2RX3_306
0.878,0.832,0.939,0.939,0.000,0.863,0.826,0.535,0.879,0.823,0.857,0.823,0.447,0.939,0.857,314,P2RX3,P2RX3_314
0.869,0.830,0.910,0.910,0.000,0.859,0.800,0.565,1.162,0.822,0.873,0.822,0.440,0.910,0.873,317,P2RX3,P2RX3_317
0.828,0.813,0.756,0.756,0.000,0.847,0.681,0.801,3.756,0.821,0.880,0.821,0.295,0.756,0.880,32,P2RX3,P2RX3_32
0.776,0.782,0.586,0.586,0.000,0.824,0.558,0.915,4.261,0.803,0.798,0.803,0.132,0.586,0.798,328,P2RX3,P2RX3_328
0.797,0.786,0.648,0.648,0.000,0.834,0.629,0.881,4.028,0.803,0.811,0.803,0.163,0.648,0.811,335,P2RX3,P2RX3_335
0.882,0.835,0.945,0.945,0.000,0.866,0.833,0.518,0.882,0.825,0.858,0.825,0.426,0.945,0.858,336,P2RX3,P2RX3_336
0.827,0.794,0.751,0.751,0.000,0.846,0.701,0.801,3.236,0.800,0.821,0.800,0.207,0.751,0.821,34,P2RX3,P2RX3_34
0.884,0.820,0.949,0.949,0.000,0.867,0.863,0.533,0.749,0.808,0.867,0.808,0.456,0.949,0.867,358,P2RX3,P2RX3_358
0.851,0.804,0.846,0.846,0.000,0.853,0.756,0.649,1.842,0.803,0.817,0.803,0.261,0.846,0.817,382,P2RX3,P2RX3_382
0.759,0.782,0.516,0.516,0.000,0.820,0.524,1.073,6.956,0.810,0.816,0.810,0.136,0.516,0.816,4,P2RX3,P2RX3_4
0.820,0.792,0.745,0.745,0.000,0.839,0.678,0.800,3.150,0.799,0.834,0.799,0.210,0.745,0.834,402,P2RX3,P2RX3_402
0.880,0.833,0.943,0.943,0.000,0.864,0.842,0.536,0.896,0.823,0.857,0.823,0.405,0.943,0.857,406,P2RX3,P2RX3_406
0.874,0.828,0.917,0.917,0.000,0.864,0.812,0.577,1.149,0.821,0.819,0.821,0.414,0.917,0.819,415,P2RX3,P2RX3_415
0.843,0.824,0.815,0.815,0.000,0.849,0.736,0.685,2.261,0.827,0.810,0.827,0.298,0.815,0.810,419,P2RX3,P2RX3_419
0.871,0.824,0.905,0.905,0.000,0.862,0.827,0.593,1.361,0.818,0.852,0.818,0.418,0.905,0.852,427,P2RX3,P2RX3_427
0.882,0.829,0.946,0.946,0.000,0.866,0.847,0.535,0.813,0.818,0.866,0.818,0.441,0.946,0.866,451,P2RX3,P2RX3_451
0.861,0.809,0.885,0.885,0.000,0.855,0.783,0.625,1.790,0.805,0.906,0.805,0.446,0.885,0.906,470,P2RX3,P2RX3_470
0.876,0.813,0.918,0.918,0.000,0.865,0.819,0.565,0.938,0.804,0.812,0.804,0.420,0.918,0.812,476,P2RX3,P2RX3_476
0.750,0.777,0.473,0.473,0.000,0.819,0.511,1.240,8.828,0.808,0.827,0.808,0.113,0.473,0.827,48,P2RX3,P2RX3_48
0.760,0.779,0.530,0.530,0.000,0.818,0.516,1.038,5.799,0.806,0.835,0.806,0.119,0.530,0.835,489,P2RX3,P2RX3_489
0.888,0.838,0.967,0.967,0.000,0.869,0.886,0.494,0.576,0.826,0.941,0.826,0.604,0.967,0.941,49,P2RX3,P2RX3_49
0.839,0.809,0.818,0.818,0.000,0.844,0.726,0.673,1.859,0.809,0.796,0.809,0.266,0.818,0.796,497,P2RX3,P2RX3_497
0.814,0.801,0.724,0.724,0.000,0.836,0.663,0.759,2.812,0.810,0.796,0.810,0.202,0.724,0.796,503,P2RX3,P2RX3_503
0.829,0.802,0.765,0.765,0.000,0.845,0.695,0.758,2.797,0.809,0.811,0.809,0.228,0.765,0.811,504,P2RX3,P2RX3_504
0.803,0.796,0.689,0.689,0.000,0.831,0.624,0.848,3.426,0.810,0.819,0.810,0.216,0.689,0.819,524,P2RX3,P2RX3_524
0.783,0.793,0.590,0.590,0.000,0.831,0.556,0.971,5.310,0.815,0.801,0.815,0.141,0.590,0.801,538,P2RX3,P2RX3_538
0.831,0.811,0.798,0.798,0.000,0.839,0.682,0.814,3.705,0.813,0.875,0.813,0.369,0.798,0.875,541,P2RX3,P2RX3_541
0.885,0.840,0.955,0.955,0.000,0.867,0.855,0.510,0.682,0.830,0.853,0.830,0.449,0.955,0.853,547,P2RX3,P2RX3_547
0.743,0.772,0.442,0.442,0.000,0.818,0.486,1.274,9.109,0.804,0.835,0.804,0.114,0.442,0.835,550,P2RX3,P2RX3_550
0.825,0.810,0.758,0.758,0.000,0.841,0.677,0.704,2.354,0.817,0.826,0.817,0.246,0.758,0.826,580,P2RX3,P2RX3_580
0.883,0.826,0.954,0.954,0.000,0.865,0.861,0.529,0.705,0.814,0.857,0.814,0.441,0.954,0.857,582,P2RX3,P2RX3_582
0.822,0.808,0.742,0.742,0.000,0.842,0.659,0.791,3.236,0.816,0.815,0.816,0.360,0.742,0.815,589,P2RX3,P2RX3_589
0.806,0.792,0.709,0.709,0.000,0.831,0.629,0.845,3.524,0.803,0.820,0.803,0.191,0.709,0.820,59,P2RX3,P2RX3_59
0.873,0.824,0.926,0.926,0.000,0.859,0.833,0.568,1.141,0.815,0.911,0.815,0.477,0.926,0.911,599,P2RX3,P2RX3_599
0.886,0.837,0.950,0.950,0.000,0.870,0.864,0.516,0.834,0.830,0.887,0.830,0.421,0.950,0.887,602,P2RX3,P2RX3_602
0.813,0.799,0.703,0.703,0.000,0.840,0.656,0.788,3.087,0.810,0.798,0.810,0.165,0.703,0.798,63,P2RX3,P2RX3_63
0.854,0.820,0.856,0.856,0.000,0.854,0.772,0.615,1.585,0.819,0.836,0.819,0.312,0.856,0.836,635,P2RX3,P2RX3_635
0.797,0.792,0.645,0.645,0.000,0.835,0.611,0.949,5.310,0.808,0.850,0.808,0.184,0.645,0.850,65,P2RX3,P2RX3_65
0.869,0.826,0.907,0.907,0.000,0.860,0.817,0.588,1.440,0.821,0.897,0.821,0.433,0.907,0.897,654,P2RX3,P2RX3_654
0.874,0.805,0.932,0.932,0.000,0.859,0.832,0.574,0.910,0.792,0.834,0.792,0.427,0.932,0.834,663,P2RX3,P2RX3_663
0.748,0.771,0.475,0.475,0.000,0.816,0.496,1.252,9.397,0.802,0.828,0.802,0.105,0.475,0.828,682,P2RX3,P2RX3_682
0.876,0.836,0.927,0.927,0.000,0.863,0.829,0.535,0.876,0.827,0.897,0.827,0.587,0.927,0.897,685,P2RX3,P2RX3_685
0.848,0.814,0.847,0.847,0.000,0.849,0.755,0.659,1.874,0.813,0.832,0.813,0.306,0.847,0.832,692,P2RX3,P2RX3_692
0.833,0.811,0.794,0.794,0.000,0.843,0.694,0.759,2.680,0.814,0.852,0.814,0.424,0.794,0.852,694,P2RX3,P2RX3_694
0.859,0.825,0.873,0.873,0.000,0.856,0.773,0.602,1.447,0.821,0.868,0.821,0.519,0.873,0.868,697,P2RX3,P2RX3_697
0.883,0.833,0.945,0.945,0.000,0.868,0.858,0.518,0.756,0.823,0.854,0.823,0.442,0.945,0.854,715,P2RX3,P2RX3_715
0.894,0.834,0.977,0.977,0.000,0.873,0.902,0.477,0.537,0.823,0.952,0.823,0.604,0.977,0.952,731,P2RX3,P2RX3_731
0.776,0.799,0.527,0.527,0.000,0.839,0.568,0.945,6.189,0.819,0.859,0.819,0.111,0.527,0.859,74,P2RX3,P2RX3_74
0.869,0.812,0.921,0.921,0.000,0.856,0.815,0.613,1.362,0.803,0.886,0.803,0.378,0.921,0.886,756,P2RX3,P2RX3_756
0.849,0.801,0.832,0.832,0.000,0.853,0.755,0.635,1.998,0.801,0.873,0.801,0.349,0.832,0.873,763,P2RX3,P2RX3_763
0.810,0.795,0.702,0.702,0.000,0.837,0.653,0.876,3.775,0.806,0.802,0.806,0.205,0.702,0.802,769,P2RX3,P2RX3_769
0.763,0.783,0.520,0.520,0.000,0.824,0.536,1.202,7.652,0.808,0.783,0.808,0.117,0.520,0.783,777,P2RX3,P2RX3_777
0.869,0.822,0.903,0.903,0.000,0.861,0.811,0.574,1.360,0.817,0.847,0.817,0.327,0.903,0.847,820,P2RX3,P2RX3_820
0.879,0.807,0.941,0.941,0.000,0.863,0.842,0.543,0.795,0.795,0.879,0.795,0.509,0.941,0.879,827,P2RX3,P2RX3_827
0.885,0.838,0.954,0.954,0.000,0.867,0.864,0.516,0.706,0.828,0.877,0.828,0.465,0.954,0.877,833,P2RX3,P2RX3_833
0.881,0.835,0.934,0.934,0.000,0.868,0.835,0.557,0.954,0.827,0.808,0.827,0.404,0.934,0.808,843,P2RX3,P2RX3_843
0.780,0.804,0.548,0.548,0.000,0.838,0.579,0.928,6.194,0.823,0.885,0.823,0.132,0.548,0.885,849,P2RX3,P2RX3_849
0.881,0.837,0.943,0.943,0.000,0.866,0.850,0.527,0.751,0.827,0.919,0.827,0.579,0.943,0.919,877,P2RX3,P2RX3_877
0.885,0.826,0.948,0.948,0.000,0.869,0.868,0.532,0.860,0.818,0.880,0.818,0.426,0.948,0.880,881,P2RX3,P2RX3_881
0.818,0.807,0.751,0.751,0.000,0.835,0.643,0.781,3.408,0.814,0.874,0.814,0.309,0.751,0.874,886,P2RX3,P2RX3_886
0.886,0.834,0.953,0.953,0.000,0.869,0.867,0.511,0.688,0.823,0.928,0.823,0.567,0.953,0.928,899,P2RX3,P2RX3_899
0.892,0.844,0.967,0.967,0.000,0.873,0.879,0.489,0.634,0.834,0.898,0.834,0.451,0.967,0.898,906,P2RX3,P2RX3_906
0.825,0.803,0.752,0.752,0.000,0.843,0.689,0.745,2.888,0.811,0.822,0.811,0.203,0.752,0.822,925,P2RX3,P2RX3_925
0.820,0.800,0.734,0.734,0.000,0.841,0.676,0.811,3.341,0.809,0.829,0.809,0.202,0.734,0.829,933,P2RX3,P2RX3_933
0.836,0.809,0.798,0.798,0.000,0.846,0.732,0.784,2.802,0.813,0.822,0.813,0.239,0.798,0.822,94,P2RX3,P2RX3_94
0.839,0.818,0.805,0.805,0.000,0.847,0.735,0.691,2.091,0.821,0.810,0.821,0.295,0.805,0.810,95,P2RX3,P2RX3_95
0.859,0.811,0.879,0.879,0.000,0.855,0.785,0.622,1.626,0.807,0.873,0.807,0.356,0.879,0.873,952,P2RX3,P2RX3_952
0.811,0.797,0.710,0.710,0.000,0.836,0.653,0.798,3.015,0.808,0.789,0.808,0.228,0.710,0.789,955,P2RX3,P2RX3_955
0.840,0.813,0.860,0.860,0.000,0.835,0.660,0.734,2.600,0.810,0.850,0.810,0.545,0.860,0.850,97,P2RX3,P2RX3_97
0.881,0.819,0.944,0.944,0.000,0.865,0.825,0.529,0.926,0.808,0.860,0.808,0.408,0.944,0.860,98,P2RX3,P2RX3_98
0.886,0.829,0.956,0.956,0.000,0.869,0.862,0.499,0.724,0.818,0.865,0.818,0.450,0.956,0.865,983,P2RX3,P2RX3_983
0.863,0.829,0.890,0.890,0.000,0.857,0.788,0.584,1.285,0.824,0.842,0.824,0.376,0.890,0.842,99,P2RX3,P2RX3_99
0.802,0.906,0.727,0.727,0.000,0.821,0.630,0.776,2.662,0.926,0.846,0.926,0.254,0.727,0.846,0,RIOK1,RIOK1_0
0.735,0.870,0.506,0.506,0.000,0.792,0.509,1.180,5.219,0.913,0.772,0.913,0.167,0.506,0.772,1,RIOK1,RIOK1_1
0.813,0.905,0.752,0.752,0.000,0.828,0.668,0.759,2.706,0.922,0.933,0.922,0.370,0.752,0.933,10,RIOK1,RIOK1_10
0.791,0.896,0.670,0.670,0.000,0.821,0.613,0.856,3.004,0.919,0.749,0.919,0.206,0.670,0.749,11,RIOK1,RIOK1_11
0.798,0.905,0.675,0.675,0.000,0.829,0.652,0.807,2.936,0.926,0.821,0.926,0.248,0.675,0.821,12,RIOK1,RIOK1_12
0.844,0.915,0.850,0.850,0.000,0.843,0.758,0.647,1.418,0.923,0.875,0.923,0.438,0.850,0.875,13,RIOK1,RIOK1_13
0.858,0.922,0.895,0.895,0.000,0.849,0.815,0.575,1.078,0.925,0.818,0.925,0.443,0.895,0.818,14,RIOK1,RIOK1_14
0.813,0.913,0.755,0.755,0.000,0.827,0.656,0.702,2.497,0.931,0.924,0.931,0.346,0.755,0.924,2,RIOK1,RIOK1_2
0.807,0.912,0.716,0.716,0.000,0.829,0.649,0.761,2.562,0.929,0.814,0.929,0.223,0.716,0.814,3,RIOK1,RIOK1_3
0.771,0.891,0.643,0.643,0.000,0.803,0.570,0.935,3.147,0.923,0.786,0.923,0.253,0.643,0.786,4,RIOK1,RIOK1_4
0.811,0.910,0.742,0.742,0.000,0.829,0.655,0.683,2.222,0.925,0.852,0.925,0.318,0.742,0.852,5,RIOK1,RIOK1_5
0.809,0.914,0.719,0.719,0.000,0.832,0.660,0.705,2.475,0.929,0.825,0.929,0.201,0.719,0.825,6,RIOK1,RIOK1_6
0.795,0.911,0.672,0.672,0.000,0.826,0.617,0.799,2.896,0.934,0.765,0.934,0.212,0.672,0.765,7,RIOK1,RIOK1_7
0.844,0.915,0.873,0.873,0.000,0.837,0.742,0.603,1.278,0.922,0.790,0.922,0.445,0.873,0.790,8,RIOK1,RIOK1_8
0.795,0.857,0.594,0.594,0.000,0.845,0.598,0.812,3.466,0.893,0.800,0.893,0.147,0.594,0.800,0,SPIN1,SPIN1_0
0.891,0.913,0.942,0.942,0.000,0.878,0.849,0.452,0.623,0.907,0.814,0.907,0.599,0.942,0.814,1,SPIN1,SPIN1_1
0.859,0.895,0.817,0.817,0.000,0.870,0.742,0.559,1.638,0.904,0.815,0.904,0.275,0.817,0.815,11,SPIN1,SPIN1_11
0.812,0.897,0.587,0.587,0.000,0.868,0.642,0.730,4.315,0.927,0.807,0.927,0.119,0.587,0.807,12,SPIN1,SPIN1_12
0.895,0.918,0.946,0.946,0.000,0.883,0.827,0.432,0.800,0.916,0.905,0.916,0.491,0.946,0.905,3,SPIN1,SPIN1_3
0.845,0.884,0.801,0.801,0.000,0.857,0.687,0.605,1.869,0.898,0.849,0.898,0.266,0.801,0.849,4,SPIN1,SPIN1_4
0.860,0.905,0.842,0.842,0.000,0.864,0.727,0.515,1.435,0.915,0.869,0.915,0.396,0.842,0.869,5,SPIN1,SPIN1_5
0.792,0.858,0.549,0.549,0.000,0.853,0.607,0.872,4.516,0.895,0.843,0.895,0.131,0.549,0.843,7,SPIN1,SPIN1_7
